width,page,before_h,after_h,naive_pct,aligned_pct,unmatched_bands_pct,status
1440,10-ways-improve-your-credit-score.png,898,911,8.47,2.08,0.0,CHANGED
1440,2023-agm-summary.png,559,528,25.86,2.47,0.0,CHANGED
1440,2024-agm-summary.png,559,528,26.23,2.47,0.0,CHANGED
1440,2025-agm-summary.png,506,546,22.41,1.82,0.0,CHANGED
1440,2026-agm-summary.png,506,546,22.41,1.82,0.0,CHANGED
1440,7-ways-to-save-money-over-the-summer-holidays.png,1030,1095,24.60,7.42,0.0,CHANGED
1440,__q__page_0.png,1169,1172,16.85,19.36,8.3,CHANGED
1440,__q__s_test.png,225,1172,40.01,21.18,10.4,CHANGED
1440,about-us.png,742,742,14.89,5.28,0.0,CHANGED
1440,alternatives-short-term-credit.png,664,651,18.87,2.82,0.0,CHANGED
1440,annual-general-meeting-2024.png,823,801,13.56,15.08,12.1,CHANGED
1440,annual-general-meeting-2025.png,851,829,17.20,13.04,11.8,CHANGED
1440,annual-general-meeting-2026.png,919,822,32.82,14.53,11.8,CHANGED
1440,avoid-loan-sharks-and-stay-smart-with-your-money.png,954,1320,36.50,11.62,0.0,CHANGED
1440,become-a-credit-union-advocate.png,445,427,15.02,6.06,0.0,CHANGED
1440,cash-flow-king.png,849,818,19.14,2.53,0.0,CHANGED
1440,category__uncategorised.png,558,585,12.70,4.90,0.0,CHANGED
1440,category__uncategorised__page__2.png,558,585,13.11,5.05,0.0,CHANGED
1440,category__uncategorised__page__3.png,558,591,14.04,4.66,0.0,CHANGED
1440,category__uncategorised__page__4.png,558,580,7.84,3.55,0.0,CHANGED
1440,category__uncategorised__page__5.png,558,580,15.13,10.13,0.0,CHANGED
1440,category__uncategorised__page__6.png,558,585,18.98,10.60,0.0,CHANGED
1440,category__uncategorised__page__7.png,558,591,20.51,10.73,0.0,CHANGED
1440,category__uncategorised__page__8.png,558,580,16.67,10.29,0.0,CHANGED
1440,celebrating-25-years-of-gmbcu.png,900,1078,33.00,11.01,0.0,CHANGED
1440,celebrating-two-years-members-prize-draw.png,1249,1106,22.81,3.14,0.0,CHANGED
1440,childrens-financial-education.png,966,895,24.79,2.45,0.0,CHANGED
1440,complaints.png,577,599,6.53,1.79,0.0,CHANGED
1440,consolidation-loans-plan-brighter-financial-future.png,923,873,21.46,2.93,0.0,CHANGED
1440,contact-us.png,630,611,17.12,16.75,16.0,CHANGED
1440,contact-us____q__conesso_link_tag_ebd837df0_utm_campaign_Jan_2B26_2BNewsletter_utm_medium_email_utm_source_Conesso.png,630,611,17.12,16.75,16.0,CHANGED
1440,cost-of-living.png,1507,1527,22.56,19.95,14.3,CHANGED
1440,creating-good-money-habits-save-as-you-borrow.png,459,596,50.81,10.89,0.0,CHANGED
1440,credit-crisis-real-impact-short-term-credit.png,776,750,19.72,2.54,0.0,CHANGED
1440,dealing-coronavirus.png,361,365,21.07,1.69,0.0,CHANGED
1440,faqs.png,2192,2192,19.47,1.15,0.0,CHANGED
1440,feel-positive-about-saving-and-borrowing.png,783,761,16.68,2.92,0.0,CHANGED
1440,five-financial-goals-next-financial-year.png,852,821,20.19,2.84,0.0,CHANGED
1440,gmb-credit-union-prize-draw.png,1052,1050,26.95,11.83,0.0,CHANGED
1440,help-your-children-form-good-money-habits.png,806,721,31.84,2.49,0.0,CHANGED
1440,heres-why-you-should-teach-your-children-how-to-manage-their-money-this-summer.png,1177,1146,26.64,7.28,0.0,CHANGED
1440,home.png,1169,1172,16.85,19.36,8.3,CHANGED
1440,how-build-or-improve-your-credit-score.png,1007,1022,12.27,12.23,9.5,CHANGED
1440,how-check-your-credit-score-free.png,638,633,16.32,2.80,0.0,CHANGED
1440,how-did-our-members-get-involved-us.png,460,466,28.17,9.16,0.0,CHANGED
1440,how-financial-problems-affect-your-mental-health.png,1104,1055,18.32,2.67,0.0,CHANGED
1440,how-recognise-and-avoid-most-common-finance-scams.png,1161,1059,23.96,2.51,0.0,CHANGED
1440,how-to-get-involved-in-the-gmb-credit-union.png,678,700,10.85,0.88,0.0,OK
1440,importance-understanding-ivas.png,1060,1038,15.01,2.17,0.0,CHANGED
1440,join-gmbcu-get-25-and-a-chance-to-win-big.png,1311,1313,10.96,11.27,7.4,CHANGED
1440,join-us-at-congress-2025.png,629,651,7.15,20.27,14.8,CHANGED
1440,join-us-congress-2023.png,433,446,11.38,8.69,0.0,CHANGED
1440,join-us-congress-2024.png,725,748,6.30,4.60,0.0,CHANGED
1440,lets-get-transparent-loan-interest-rates.png,841,775,26.85,2.95,0.0,CHANGED
1440,loan-application-rejected-what-now.png,1055,1001,21.53,2.10,0.0,CHANGED
1440,loans.png,856,890,20.80,3.46,0.0,CHANGED
1440,loans____q__conesso_link_tag_ebd837df0_utm_campaign_Jan_2B26_2BNewsletter_utm_medium_email_utm_source_Conesso.png,856,890,20.81,3.46,0.0,CHANGED
1440,loans__consolidation-loan.png,1134,1176,14.00,18.46,18.4,CHANGED
1440,loans__family-loan.png,1148,1205,24.83,18.22,16.0,CHANGED
1440,loans__handy-loan.png,1121,1163,14.39,17.92,16.7,CHANGED
1440,loans__member-loan.png,1087,1129,16.76,6.58,0.0,CHANGED
1440,loans__save-borrow-loan.png,1143,1185,16.64,6.19,0.0,CHANGED
1440,loans__savings-secured-loan.png,1125,1167,16.44,17.61,16.7,CHANGED
1440,loans__starter-loan.png,1099,1142,16.69,18.29,17.0,CHANGED
1440,loans__top-up-loan.png,956,998,18.73,7.52,2.4,CHANGED
1440,managing-your-money-with-your-credit-union.png,884,1200,25.31,5.93,0.0,CHANGED
1440,meet-dennis-member-case-study.png,862,831,20.39,2.94,0.0,CHANGED
1440,meet-gary-member-case-study.png,652,648,18.15,2.65,0.0,CHANGED
1440,member-hub-faqs.png,515,526,6.93,2.35,0.0,CHANGED
1440,members-saver-accounts.png,740,1107,41.29,27.36,8.7,CHANGED
1440,navigating-financial-storm-how-we-can-help.png,859,828,18.76,2.56,0.0,CHANGED
1440,one-year-members-prize-draw.png,1062,957,26.32,2.96,0.0,CHANGED
1440,options-dealing-debt.png,1054,1014,18.05,1.92,0.0,CHANGED
1440,our-blog.png,558,585,12.69,4.90,0.0,CHANGED
1440,our-blog____q__conesso_link_tag_ebd837df0_utm_campaign_Jan_2B26_2BNewsletter_utm_medium_email_utm_source_Conesso.png,558,585,12.69,4.90,0.0,CHANGED
1440,our-blog__page__2.png,558,585,13.11,5.05,0.0,CHANGED
1440,our-blog__page__3.png,558,591,14.04,4.66,0.0,CHANGED
1440,our-blog__page__4.png,558,580,7.84,3.55,0.0,CHANGED
1440,our-blog__page__5.png,558,580,15.13,10.13,0.0,CHANGED
1440,our-blog__page__6.png,558,585,18.98,10.60,0.0,CHANGED
1440,our-blog__page__7.png,558,591,20.52,10.73,0.0,CHANGED
1440,our-blog__page__8.png,558,580,16.67,10.29,0.0,CHANGED
1440,our-enhanced-member-loans-explained.png,1584,1944,14.99,3.54,1.2,CHANGED
1440,overdraft-fees-are-changing.png,674,643,24.97,3.17,0.0,CHANGED
1440,page__2.png,1169,1172,16.90,19.42,8.3,CHANGED
1440,privacy-policy.png,1360,1382,2.21,0.85,0.0,OK
1440,resources.png,688,693,20.48,15.41,3.6,CHANGED
1440,resources____q__conesso_link_tag_ebd837df0_utm_campaign_Jan_2B26_2BNewsletter_utm_medium_email_utm_source_Conesso.png,688,693,20.48,15.41,3.6,CHANGED
1440,resources__member-helper.png,662,666,12.67,4.25,0.0,CHANGED
1440,resources__member-helper____q__conesso_link_tag_ebd837df0_utm_campaign_Jan_2B26_2BNewsletter_utm_medium_email_utm_source_Conesso.png,662,666,12.67,4.25,0.0,CHANGED
1440,resources__member-helper__benefit-calculator.png,866,371,22.65,23.81,26.7,CHANGED
1440,resources__member-helper__budget-planner.png,594,371,33.32,24.96,26.7,CHANGED
1440,resources__member-helper__budget-planner____q__conesso_link_tag_ebd837df0_utm_campaign_Jan_2B26_2BNewsletter_utm_medium_email_utm_source_Conesso.png,594,371,33.32,24.96,26.7,CHANGED
1440,resources__member-helper__debt-advice-locator.png,445,371,37.58,7.37,6.7,CHANGED
1440,resources__member-helper__debt-advice-locator____q__conesso_link_tag_ebd837df0_utm_campaign_Jan_2B26_2BNewsletter_utm_medium_email_utm_source_Conesso.png,445,371,37.58,7.37,6.7,CHANGED
1440,retail-therapy-or-financial-trap-the-real-reason-we-overspend.png,1115,1123,18.96,5.27,0.0,CHANGED
1440,save-now-spend-later.png,750,728,18.93,2.48,0.0,CHANGED
1440,saving-money-for-life-events.png,922,1159,37.00,12.33,0.0,CHANGED
1440,savings.png,859,916,25.48,15.01,10.5,CHANGED
1440,savings__365-saver.png,792,801,11.62,7.90,0.0,CHANGED
1440,savings__christmas-saver.png,807,816,13.04,7.98,0.0,CHANGED
1440,savings__life-savings-insurance-protection.png,864,897,15.67,7.91,5.4,CHANGED
1440,savings__member-saver.png,880,896,16.04,8.56,2.7,CHANGED
1440,savings__premium-saver.png,854,863,10.60,19.72,20.0,CHANGED
1440,savings__prizesaver.png,808,817,12.85,22.67,26.5,CHANGED
1440,savings__young-saver.png,848,857,10.70,7.57,2.9,CHANGED
1440,shocking-truth-about-short-term-credit.png,732,710,20.70,2.51,0.0,CHANGED
1440,simple-money-management-tips.png,888,839,22.37,2.83,0.0,CHANGED
1440,simplify-your-personal-finance-options.png,779,739,21.68,3.21,0.0,CHANGED
1440,summer-fun-on-a-budget.png,1591,1545,28.29,6.49,0.0,CHANGED
1440,supporting-our-members-through-covid-19.png,1380,1331,15.20,2.75,0.0,CHANGED
1440,tag__budget.png,401,423,6.95,2.03,0.0,CHANGED
1440,tag__summer.png,401,423,6.95,2.03,0.0,CHANGED
1440,test.png,506,225,43.84,14.52,11.1,CHANGED
1440,thank-you-for-your-interest-agm-2024.png,539,555,10.34,21.46,21.7,CHANGED
1440,thank-you-for-your-interest-agm-2025.png,539,555,9.91,20.32,21.7,CHANGED
1440,thank-you-for-your-interest-agm-2026.png,565,555,13.74,21.18,21.7,CHANGED
1440,the-gmbcu-member-hub-is-coming-in-june-2026.png,858,826,26.30,14.86,11.8,CHANGED
1440,ultimate-guide-open-banking.png,1488,1332,19.18,2.33,0.0,CHANGED
1440,virtuous-circle.png,843,903,24.14,9.56,2.7,CHANGED
1440,we-are-delivering-how-were-responding-our-members-needs.png,693,662,22.87,3.29,0.0,CHANGED
1440,we-asked-our-members-describe-us-3-words.png,445,460,27.46,9.55,0.0,CHANGED
1440,what-a-change-of-government-means-for-your-wallet.png,976,1036,24.84,15.12,9.3,CHANGED
1440,what-credit-and-why-does-it-matter.png,746,925,28.07,2.45,0.0,CHANGED
1440,what-do-members-need-know-applying-loan.png,806,772,20.85,2.55,0.0,CHANGED
1440,what-do-our-members-most-about-us.png,445,460,28.41,9.82,0.0,CHANGED
1440,what-is-a-credit-union-and-how-does-it-work.png,743,766,10.18,0.94,0.0,OK
1440,where-go-if-youre-feeling-stressed-about-money.png,876,898,9.01,0.69,0.0,OK
1440,which-loan-best-you.png,1358,1289,17.69,2.32,0.0,CHANGED
1440,why-credit-unions-are-now-more-important-ever.png,782,742,23.17,3.20,0.0,CHANGED
1440,why-is-saving-money-important.png,1036,1456,37.17,13.94,0.0,CHANGED
1440,why-our-members-choose-us.png,436,460,26.17,7.72,0.0,CHANGED
1440,working-towards-brighter-financial-future.png,1075,1156,18.52,3.43,0.0,CHANGED
1440,your-money-now-and-whats-next.png,881,815,25.36,2.84,0.0,CHANGED
1440,your-phone-may-be-giving-fraudsters-a-way-into-your-finances.png,814,805,16.99,11.58,12.1,CHANGED
768,10-ways-improve-your-credit-score.png,1867,1914,8.11,1.77,0.0,CHANGED
768,2023-agm-summary.png,1150,1090,26.51,4.44,0.0,CHANGED
768,2024-agm-summary.png,1150,1090,26.92,4.46,0.0,CHANGED
768,2025-agm-summary.png,1043,1125,23.67,5.42,0.0,CHANGED
768,2026-agm-summary.png,1043,1125,23.67,5.42,0.0,CHANGED
768,7-ways-to-save-money-over-the-summer-holidays.png,2246,2300,22.16,20.10,11.6,CHANGED
768,__q__page_0.png,2765,2692,26.22,9.40,8.9,CHANGED
768,__q__s_test.png,512,2692,39.09,20.17,13.4,CHANGED
768,about-us.png,1607,1581,18.33,16.52,13.8,CHANGED
768,alternatives-short-term-credit.png,1359,1335,21.77,4.56,0.0,CHANGED
768,annual-general-meeting-2024.png,1523,1481,15.78,17.50,14.8,CHANGED
768,annual-general-meeting-2025.png,1523,1481,20.45,16.74,14.8,CHANGED
768,annual-general-meeting-2026.png,1631,1480,34.91,16.60,14.8,CHANGED
768,avoid-loan-sharks-and-stay-smart-with-your-money.png,1991,2564,45.59,18.27,6.6,CHANGED
768,become-a-credit-union-advocate.png,818,783,17.25,7.49,0.0,CHANGED
768,cash-flow-king.png,1768,1709,21.05,5.06,0.0,CHANGED
768,category__uncategorised.png,1531,1614,22.72,4.31,0.0,CHANGED
768,category__uncategorised__page__2.png,1531,1614,23.08,4.71,0.0,CHANGED
768,category__uncategorised__page__3.png,1546,1639,21.65,4.42,0.0,CHANGED
768,category__uncategorised__page__4.png,1531,1626,24.85,4.79,0.0,CHANGED
768,category__uncategorised__page__5.png,1531,1614,29.98,24.35,20.9,CHANGED
768,category__uncategorised__page__6.png,1531,1626,31.76,21.04,13.4,CHANGED
768,category__uncategorised__page__7.png,1531,1614,29.17,22.12,16.4,CHANGED
768,category__uncategorised__page__8.png,1531,1614,29.66,22.19,14.9,CHANGED
768,celebrating-25-years-of-gmbcu.png,1947,2230,44.79,15.17,9.8,CHANGED
768,celebrating-two-years-members-prize-draw.png,2670,2387,24.40,4.29,0.0,CHANGED
768,childrens-financial-education.png,2044,1903,25.00,4.51,0.0,CHANGED
768,complaints.png,1194,1241,7.19,4.09,0.0,CHANGED
768,consolidation-loans-plan-brighter-financial-future.png,1890,1792,23.34,4.67,0.0,CHANGED
768,contact-us.png,1209,1173,16.33,18.73,18.8,CHANGED
768,contact-us____q__conesso_link_tag_ebd837df0_utm_campaign_Jan_2B26_2BNewsletter_utm_medium_email_utm_source_Conesso.png,1209,1173,16.33,18.73,18.8,CHANGED
768,cost-of-living.png,2560,2597,20.86,19.68,15.7,CHANGED
768,creating-good-money-habits-save-as-you-borrow.png,911,1134,57.24,12.31,8.5,CHANGED
768,credit-crisis-real-impact-short-term-credit.png,1667,1617,21.50,4.74,0.0,CHANGED
768,dealing-coronavirus.png,715,726,23.27,2.91,0.0,CHANGED
768,faqs.png,4389,4369,32.07,3.71,1.1,CHANGED
768,feel-positive-about-saving-and-borrowing.png,1643,1601,18.88,4.71,0.0,CHANGED
768,five-financial-goals-next-financial-year.png,1762,1702,22.04,5.70,0.0,CHANGED
768,gmb-credit-union-prize-draw.png,2219,2266,10.40,13.38,9.6,CHANGED
768,help-your-children-form-good-money-habits.png,1630,1463,32.50,4.08,0.0,CHANGED
768,heres-why-you-should-teach-your-children-how-to-manage-their-money-this-summer.png,2279,2218,34.39,10.33,0.0,CHANGED
768,home.png,2765,2692,26.17,9.46,8.9,CHANGED
768,how-build-or-improve-your-credit-score.png,2161,2193,14.46,2.55,0.0,CHANGED
768,how-check-your-credit-score-free.png,1307,1300,18.34,2.03,0.0,CHANGED
768,how-did-our-members-get-involved-us.png,885,865,35.22,7.83,0.0,CHANGED
768,how-financial-problems-affect-your-mental-health.png,2317,2221,20.11,5.46,0.0,CHANGED
768,how-recognise-and-avoid-most-common-finance-scams.png,2444,2242,25.78,4.73,0.0,CHANGED
768,how-to-get-involved-in-the-gmb-credit-union.png,1439,1486,10.68,1.18,0.0,CHANGED
768,importance-understanding-ivas.png,2229,2187,17.38,5.42,0.0,CHANGED
768,join-gmbcu-get-25-and-a-chance-to-win-big.png,2296,2289,14.24,14.04,9.5,CHANGED
768,join-us-at-congress-2025.png,1088,1134,7.94,22.72,21.3,CHANGED
768,join-us-congress-2023.png,842,871,12.67,8.83,0.0,CHANGED
768,join-us-congress-2024.png,1360,1407,6.59,21.08,15.5,CHANGED
768,lets-get-transparent-loan-interest-rates.png,1730,1599,28.38,4.59,0.0,CHANGED
768,loan-application-rejected-what-now.png,2218,2112,22.77,4.41,0.0,CHANGED
768,loans.png,1733,1831,23.67,14.57,13.2,CHANGED
768,loans____q__conesso_link_tag_ebd837df0_utm_campaign_Jan_2B26_2BNewsletter_utm_medium_email_utm_source_Conesso.png,1733,1831,23.67,14.57,13.2,CHANGED
768,loans__consolidation-loan.png,2137,2200,11.07,17.64,14.3,CHANGED
768,loans__family-loan.png,2366,2198,11.74,20.05,14.3,CHANGED
768,loans__handy-loan.png,2047,2110,11.51,17.53,16.1,CHANGED
768,loans__member-loan.png,2198,2041,12.41,21.04,17.6,CHANGED
768,loans__save-borrow-loan.png,2373,2187,11.23,20.70,15.4,CHANGED
768,loans__savings-secured-loan.png,2292,2123,12.12,20.54,14.8,CHANGED
768,loans__starter-loan.png,2211,2042,12.50,21.07,16.5,CHANGED
768,loans__top-up-loan.png,2010,1844,13.65,24.20,18.4,CHANGED
768,managing-your-money-with-your-credit-union.png,1864,2349,32.04,15.47,12.4,CHANGED
768,meet-dennis-member-case-study.png,1793,1733,21.96,4.69,0.0,CHANGED
768,meet-gary-member-case-study.png,1377,1371,19.63,4.51,0.0,CHANGED
768,member-hub-faqs.png,973,998,9.27,1.83,0.0,CHANGED
768,members-saver-accounts.png,1602,2167,49.73,34.04,42.2,CHANGED
768,navigating-financial-storm-how-we-can-help.png,1826,1766,20.22,4.94,0.0,CHANGED
768,one-year-members-prize-draw.png,2245,2037,28.21,5.03,0.0,CHANGED
768,options-dealing-debt.png,2229,2152,20.34,4.29,0.0,CHANGED
768,our-blog.png,1531,1614,22.72,4.31,0.0,CHANGED
768,our-blog____q__conesso_link_tag_ebd837df0_utm_campaign_Jan_2B26_2BNewsletter_utm_medium_email_utm_source_Conesso.png,1531,1614,22.72,4.31,0.0,CHANGED
768,our-blog__page__2.png,1531,1614,23.08,4.71,0.0,CHANGED
768,our-blog__page__3.png,1546,1639,21.64,4.42,0.0,CHANGED
768,our-blog__page__4.png,1531,1626,24.85,4.79,0.0,CHANGED
768,our-blog__page__5.png,1531,1614,29.98,24.35,20.9,CHANGED
768,our-blog__page__6.png,1531,1626,31.76,21.04,13.4,CHANGED
768,our-blog__page__7.png,1531,1614,29.18,22.12,16.4,CHANGED
768,our-blog__page__8.png,1531,1614,29.65,22.19,14.9,CHANGED
768,our-enhanced-member-loans-explained.png,3195,4040,16.10,12.24,6.0,CHANGED
768,overdraft-fees-are-changing.png,1409,1349,26.49,5.95,0.0,CHANGED
768,page__2.png,2765,2692,26.13,9.40,8.9,CHANGED
768,privacy-policy.png,3092,3139,2.23,0.65,0.0,OK
768,resources.png,1516,1512,26.93,15.06,4.8,CHANGED
768,resources____q__conesso_link_tag_ebd837df0_utm_campaign_Jan_2B26_2BNewsletter_utm_medium_email_utm_source_Conesso.png,1516,1512,26.93,15.06,4.8,CHANGED
768,resources__member-helper.png,1390,1362,21.45,5.54,0.0,CHANGED
768,resources__member-helper____q__conesso_link_tag_ebd837df0_utm_campaign_Jan_2B26_2BNewsletter_utm_medium_email_utm_source_Conesso.png,1390,1362,21.45,5.54,0.0,CHANGED
768,resources__member-helper__benefit-calculator.png,1757,712,23.49,28.62,31.0,CHANGED
768,resources__member-helper__budget-planner.png,1755,712,23.96,29.46,31.0,CHANGED
768,resources__member-helper__budget-planner____q__conesso_link_tag_ebd837df0_utm_campaign_Jan_2B26_2BNewsletter_utm_medium_email_utm_source_Conesso.png,1353,712,31.04,29.46,31.0,CHANGED
768,resources__member-helper__debt-advice-locator.png,845,712,36.98,30.98,31.0,CHANGED
768,resources__member-helper__debt-advice-locator____q__conesso_link_tag_ebd837df0_utm_campaign_Jan_2B26_2BNewsletter_utm_medium_email_utm_source_Conesso.png,845,712,36.98,30.98,31.0,CHANGED
768,retail-therapy-or-financial-trap-the-real-reason-we-overspend.png,2189,2207,25.37,9.31,0.0,CHANGED
768,save-now-spend-later.png,1494,1451,21.70,2.99,0.0,CHANGED
768,saving-money-for-life-events.png,1955,2306,43.82,23.27,20.8,CHANGED
768,savings.png,1678,1769,21.91,16.25,12.3,CHANGED
768,savings__365-saver.png,1904,1700,7.93,23.21,20.0,CHANGED
768,savings__christmas-saver.png,1658,1685,10.64,20.91,21.4,CHANGED
768,savings__life-savings-insurance-protection.png,1653,1709,14.54,5.85,1.4,CHANGED
768,savings__member-saver.png,1992,1771,8.04,22.05,19.2,CHANGED
768,savings__premium-saver.png,2000,1779,8.00,21.42,18.9,CHANGED
768,savings__prizesaver.png,1636,1663,10.73,21.32,21.7,CHANGED
768,savings__young-saver.png,2051,1830,11.53,22.58,19.7,CHANGED
768,shocking-truth-about-short-term-credit.png,1444,1402,23.26,5.36,0.0,CHANGED
768,simple-money-management-tips.png,1807,1712,24.18,4.38,0.0,CHANGED
768,simplify-your-personal-finance-options.png,1590,1512,23.82,4.83,0.0,CHANGED
768,summer-fun-on-a-budget.png,3054,2964,37.55,9.52,0.0,CHANGED
768,supporting-our-members-through-covid-19.png,2910,2815,16.83,3.46,0.0,CHANGED
768,tag__budget.png,744,803,12.99,3.95,0.0,CHANGED
768,tag__summer.png,744,803,12.99,3.95,0.0,CHANGED
768,test.png,760,512,53.52,17.94,14.3,CHANGED
768,thank-you-for-your-interest-agm-2024.png,1005,1034,11.43,23.72,23.3,CHANGED
768,thank-you-for-your-interest-agm-2025.png,1005,1034,11.21,23.08,23.3,CHANGED
768,thank-you-for-your-interest-agm-2026.png,1034,1020,14.12,23.45,21.4,CHANGED
768,the-gmbcu-member-hub-is-coming-in-june-2026.png,1666,1680,11.13,17.42,14.3,CHANGED
768,ultimate-guide-open-banking.png,3174,2865,21.13,4.33,0.0,CHANGED
768,virtuous-circle.png,1731,1816,25.56,9.09,10.7,CHANGED
768,we-are-delivering-how-were-responding-our-members-needs.png,1421,1361,24.43,4.72,0.0,CHANGED
768,we-asked-our-members-describe-us-3-words.png,855,852,31.53,6.35,0.0,CHANGED
768,what-a-change-of-government-means-for-your-wallet.png,2112,2156,22.24,22.17,14.6,CHANGED
768,what-credit-and-why-does-it-matter.png,1523,1884,29.58,1.68,0.0,CHANGED
768,what-do-members-need-know-applying-loan.png,1695,1630,22.63,3.27,0.0,CHANGED
768,what-do-our-members-most-about-us.png,855,852,34.14,6.73,0.0,CHANGED
768,what-is-a-credit-union-and-how-does-it-work.png,1519,1565,10.27,1.33,0.0,CHANGED
768,where-go-if-youre-feeling-stressed-about-money.png,1796,1843,9.11,1.62,0.0,CHANGED
768,which-loan-best-you.png,2825,2689,19.22,3.84,0.0,CHANGED
768,why-credit-unions-are-now-more-important-ever.png,1633,1556,24.79,5.74,0.0,CHANGED
768,why-is-saving-money-important.png,2235,2835,51.00,28.30,22.0,CHANGED
768,why-our-members-choose-us.png,837,852,27.24,5.63,0.0,CHANGED
768,working-towards-brighter-financial-future.png,2182,2346,20.48,14.15,9.3,CHANGED
768,your-money-now-and-whats-next.png,1807,1676,26.63,3.13,0.0,CHANGED
768,your-phone-may-be-giving-fraudsters-a-way-into-your-finances.png,1726,1712,18.94,4.44,0.0,CHANGED
390,10-ways-improve-your-credit-score.png,5843,5959,15.56,2.90,0.0,CHANGED
390,2023-agm-summary.png,3087,3042,23.43,2.83,0.0,CHANGED
390,2024-agm-summary.png,3087,3042,23.76,2.88,0.0,CHANGED
390,2025-agm-summary.png,2849,3087,20.18,1.73,0.0,CHANGED
390,2026-agm-summary.png,2875,3113,19.98,1.68,0.0,CHANGED
390,7-ways-to-save-money-over-the-summer-holidays.png,6983,6849,30.43,4.18,0.0,CHANGED
390,__q__page_0.png,7776,7782,22.98,21.60,15.1,CHANGED
390,__q__s_test.png,1524,7782,45.15,22.14,15.7,CHANGED
390,about-us.png,4837,4800,21.71,21.35,23.5,CHANGED
390,alternatives-short-term-credit.png,4210,4235,18.45,4.00,0.0,CHANGED
390,annual-general-meeting-2024.png,3767,3755,8.21,26.09,25.6,CHANGED
390,annual-general-meeting-2025.png,3748,3736,13.07,24.89,25.2,CHANGED
390,annual-general-meeting-2026.png,4390,3708,49.21,24.90,26.0,CHANGED
390,avoid-loan-sharks-and-stay-smart-with-your-money.png,6205,6419,15.06,6.15,0.0,CHANGED
390,become-a-credit-union-advocate.png,2164,2126,15.41,11.35,0.0,CHANGED
390,cash-flow-king.png,5055,5010,19.81,3.07,0.0,CHANGED
390,category__uncategorised.png,5417,5662,23.43,17.31,4.7,CHANGED
390,category__uncategorised__page__2.png,5435,5693,25.83,24.74,18.6,CHANGED
390,category__uncategorised__page__3.png,5480,5738,21.85,19.77,18.4,CHANGED
390,category__uncategorised__page__4.png,5437,5689,25.32,23.29,21.9,CHANGED
390,category__uncategorised__page__5.png,5415,5666,32.55,18.67,1.7,CHANGED
390,category__uncategorised__page__6.png,5435,5693,33.88,18.76,5.1,CHANGED
390,category__uncategorised__page__7.png,5500,5765,32.16,24.68,18.3,CHANGED
390,category__uncategorised__page__8.png,5460,5247,35.94,27.09,20.2,CHANGED
390,celebrating-25-years-of-gmbcu.png,6171,6211,24.75,3.50,0.0,CHANGED
390,celebrating-two-years-members-prize-draw.png,7810,7317,25.48,3.75,0.0,CHANGED
390,childrens-financial-education.png,6282,6073,21.23,2.84,0.0,CHANGED
390,complaints.png,3669,3835,6.64,28.91,27.7,CHANGED
390,consolidation-loans-plan-brighter-financial-future.png,5687,5565,19.90,4.25,0.0,CHANGED
390,contact-us.png,3061,3061,8.82,26.81,31.5,CHANGED
390,contact-us____q__conesso_link_tag_ebd837df0_utm_campaign_Jan_2B26_2BNewsletter_utm_medium_email_utm_source_Conesso.png,3061,3061,8.82,26.81,31.5,CHANGED
390,cost-of-living.png,6714,6874,14.10,16.00,6.3,CHANGED
390,creating-good-money-habits-save-as-you-borrow.png,2910,3092,23.89,4.33,0.0,CHANGED
390,credit-crisis-real-impact-short-term-credit.png,5119,5093,18.90,4.59,0.0,CHANGED
390,dealing-coronavirus.png,2142,2239,24.55,4.01,0.0,CHANGED
390,faqs.png,11223,11390,1.59,11.57,8.4,CHANGED
390,feel-positive-about-saving-and-borrowing.png,5076,5066,18.94,3.37,0.0,CHANGED
390,five-financial-goals-next-financial-year.png,5210,5135,19.59,4.76,0.0,CHANGED
390,gmb-credit-union-prize-draw.png,8788,8655,25.99,59.54,65.6,CHANGED
390,help-your-children-form-good-money-habits.png,4848,4589,26.44,3.75,0.0,CHANGED
390,heres-why-you-should-teach-your-children-how-to-manage-their-money-this-summer.png,5816,5767,26.47,6.42,1.3,CHANGED
390,home.png,7776,7782,23.01,21.60,15.1,CHANGED
390,how-build-or-improve-your-credit-score.png,6522,6660,14.78,4.82,0.0,CHANGED
390,how-check-your-credit-score-free.png,3836,3897,17.56,4.14,0.0,CHANGED
390,how-did-our-members-get-involved-us.png,1197,2181,13.29,53.68,68.9,CHANGED
390,how-financial-problems-affect-your-mental-health.png,6997,6808,19.32,18.67,13.8,CHANGED
390,how-recognise-and-avoid-most-common-finance-scams.png,7313,6982,22.03,3.55,0.0,CHANGED
390,how-to-get-involved-in-the-gmb-credit-union.png,4446,4613,17.26,1.11,0.0,CHANGED
390,importance-understanding-ivas.png,6892,6881,16.58,3.94,0.0,CHANGED
390,join-gmbcu-get-25-and-a-chance-to-win-big.png,6438,6378,20.82,15.42,10.2,CHANGED
390,join-us-at-congress-2025.png,3124,3281,15.01,2.12,0.0,CHANGED
390,join-us-congress-2023.png,2314,2436,17.04,2.75,0.0,CHANGED
390,join-us-congress-2024.png,3702,3859,14.85,1.72,0.0,CHANGED
390,lets-get-transparent-loan-interest-rates.png,5200,5012,23.49,3.93,0.0,CHANGED
390,loan-application-rejected-what-now.png,6758,6620,19.77,21.24,14.2,CHANGED
390,loans.png,4842,4854,23.68,21.05,19.8,CHANGED
390,loans____q__conesso_link_tag_ebd837df0_utm_campaign_Jan_2B26_2BNewsletter_utm_medium_email_utm_source_Conesso.png,4842,4854,23.68,21.05,19.8,CHANGED
390,loans__consolidation-loan.png,6847,6754,26.99,22.58,21.4,CHANGED
390,loans__family-loan.png,4487,6543,17.35,32.41,25.4,CHANGED
390,loans__handy-loan.png,6430,6367,25.67,33.52,31.7,CHANGED
390,loans__member-loan.png,4147,6058,17.29,34.69,28.2,CHANGED
390,loans__save-borrow-loan.png,4561,6601,18.51,32.56,25.5,CHANGED
390,loans__savings-secured-loan.png,4503,6673,12.60,32.71,25.5,CHANGED
390,loans__starter-loan.png,4217,6139,17.80,34.21,27.5,CHANGED
390,loans__top-up-loan.png,3700,5342,16.88,37.48,33.8,CHANGED
390,managing-your-money-with-your-credit-union.png,5875,5801,21.00,4.28,0.0,CHANGED
390,meet-dennis-member-case-study.png,5504,5458,17.77,3.66,0.0,CHANGED
390,meet-gary-member-case-study.png,4392,4452,17.25,3.36,0.0,CHANGED
390,member-hub-faqs.png,2657,2825,6.36,24.21,33.3,CHANGED
390,members-saver-accounts.png,5361,5441,26.85,2.67,0.0,CHANGED
390,navigating-financial-storm-how-we-can-help.png,5360,5314,17.93,3.86,0.0,CHANGED
390,one-year-members-prize-draw.png,6967,6626,24.40,4.05,0.0,CHANGED
390,options-dealing-debt.png,6970,6888,18.34,4.98,0.0,CHANGED
390,our-blog.png,5417,5662,23.43,17.31,4.7,CHANGED
390,our-blog____q__conesso_link_tag_ebd837df0_utm_campaign_Jan_2B26_2BNewsletter_utm_medium_email_utm_source_Conesso.png,5417,5662,23.43,17.31,4.7,CHANGED
390,our-blog__page__2.png,5435,5693,25.83,24.74,18.6,CHANGED
390,our-blog__page__3.png,5480,5738,21.86,19.77,18.4,CHANGED
390,our-blog__page__4.png,5437,5689,25.32,23.29,21.9,CHANGED
390,our-blog__page__5.png,5415,5666,32.55,18.67,1.7,CHANGED
390,our-blog__page__6.png,5435,5693,33.88,18.76,5.1,CHANGED
390,our-blog__page__7.png,5500,5765,32.16,24.68,18.3,CHANGED
390,our-blog__page__8.png,5460,5247,35.96,27.09,20.2,CHANGED
390,our-enhanced-member-loans-explained.png,8413,10550,21.80,15.92,8.9,CHANGED
390,overdraft-fees-are-changing.png,4213,4167,21.60,4.76,0.0,CHANGED
390,page__2.png,7776,7782,22.98,21.60,15.1,CHANGED
390,privacy-policy.png,9498,9632,12.86,2.52,0.0,CHANGED
390,resources.png,4833,4926,24.13,15.25,7.8,CHANGED
390,resources____q__conesso_link_tag_ebd837df0_utm_campaign_Jan_2B26_2BNewsletter_utm_medium_email_utm_source_Conesso.png,4833,4926,24.14,15.25,7.8,CHANGED
390,resources__member-helper.png,4307,4433,16.02,20.02,21.2,CHANGED
390,resources__member-helper____q__conesso_link_tag_ebd837df0_utm_campaign_Jan_2B26_2BNewsletter_utm_medium_email_utm_source_Conesso.png,4307,4433,16.02,20.02,21.2,CHANGED
390,resources__member-helper__benefit-calculator.png,4728,1869,35.03,38.74,50.6,CHANGED
390,resources__member-helper__budget-planner.png,3164,1864,52.78,41.69,50.6,CHANGED
390,resources__member-helper__budget-planner____q__conesso_link_tag_ebd837df0_utm_campaign_Jan_2B26_2BNewsletter_utm_medium_email_utm_source_Conesso.png,3164,1864,52.78,41.69,50.6,CHANGED
390,resources__member-helper__debt-advice-locator.png,2099,1908,29.85,39.74,49.4,CHANGED
390,resources__member-helper__debt-advice-locator____q__conesso_link_tag_ebd837df0_utm_campaign_Jan_2B26_2BNewsletter_utm_medium_email_utm_source_Conesso.png,2099,1908,29.85,39.74,49.4,CHANGED
390,retail-therapy-or-financial-trap-the-real-reason-we-overspend.png,6335,6445,21.00,5.87,0.0,CHANGED
390,save-now-spend-later.png,4697,4687,18.49,4.01,0.0,CHANGED
390,saving-money-for-life-events.png,6032,6216,22.92,18.18,15.4,CHANGED
390,savings.png,4844,5081,21.25,17.85,18.5,CHANGED
390,savings__365-saver.png,3564,5072,16.97,28.74,29.4,CHANGED
390,savings__christmas-saver.png,5390,5273,23.99,24.97,27.4,CHANGED
390,savings__life-savings-insurance-protection.png,5292,5191,30.25,31.28,37.5,CHANGED
390,savings__member-saver.png,3579,5351,16.34,28.48,27.5,CHANGED
390,savings__premium-saver.png,3542,5091,15.40,29.91,29.2,CHANGED
390,savings__prizesaver.png,5231,5037,29.66,25.75,28.7,CHANGED
390,savings__young-saver.png,3740,5492,11.21,28.70,26.8,CHANGED
390,shocking-truth-about-short-term-credit.png,4429,4419,19.04,3.59,0.0,CHANGED
390,simple-money-management-tips.png,5629,5512,19.67,4.14,0.0,CHANGED
390,simplify-your-personal-finance-options.png,4957,4874,20.67,3.91,0.0,CHANGED
390,summer-fun-on-a-budget.png,7478,7336,28.79,7.28,0.3,CHANGED
390,supporting-our-members-through-covid-19.png,8336,8219,16.85,3.88,0.3,CHANGED
390,tag__budget.png,2490,2678,13.30,18.96,1.8,CHANGED
390,tag__summer.png,2490,2678,13.30,18.96,1.8,CHANGED
390,test.png,1394,1212,39.85,7.19,4.0,CHANGED
390,thank-you-for-your-interest-agm-2024.png,2887,3020,10.16,31.56,31.2,CHANGED
390,thank-you-for-your-interest-agm-2025.png,2887,3020,10.13,24.90,31.2,CHANGED
390,thank-you-for-your-interest-agm-2026.png,3071,2991,21.58,25.34,31.5,CHANGED
390,the-gmbcu-member-hub-is-coming-in-june-2026.png,5172,4903,27.51,18.67,19.6,CHANGED
390,ultimate-guide-open-banking.png,9107,8562,24.51,3.92,0.0,CHANGED
390,virtuous-circle.png,3548,5307,13.34,27.20,21.3,CHANGED
390,we-are-delivering-how-were-responding-our-members-needs.png,4524,4479,19.80,3.56,0.0,CHANGED
390,we-asked-our-members-describe-us-3-words.png,1163,2148,13.83,44.55,52.8,CHANGED
390,what-a-change-of-government-means-for-your-wallet.png,6368,6189,33.34,3.94,0.0,CHANGED
390,what-credit-and-why-does-it-matter.png,4876,5491,26.78,20.40,17.1,CHANGED
390,what-do-members-need-know-applying-loan.png,5238,5182,19.33,2.92,0.0,CHANGED
390,what-do-our-members-most-about-us.png,1170,2162,13.60,54.60,66.7,CHANGED
390,what-is-a-credit-union-and-how-does-it-work.png,4727,4894,17.37,0.90,0.0,OK
390,where-go-if-youre-feeling-stressed-about-money.png,5760,5928,16.33,1.67,0.0,CHANGED
390,which-loan-best-you.png,8211,8014,17.87,2.65,0.0,CHANGED
390,why-credit-unions-are-now-more-important-ever.png,5243,5162,20.34,3.74,0.0,CHANGED
390,why-is-saving-money-important.png,6938,6866,30.62,3.63,0.0,CHANGED
390,why-our-members-choose-us.png,1135,2129,14.62,44.35,58.0,CHANGED
390,working-towards-brighter-financial-future.png,4742,6417,13.84,17.19,8.6,CHANGED
390,your-money-now-and-whats-next.png,5362,5174,22.30,3.35,0.0,CHANGED
390,your-phone-may-be-giving-fraudsters-a-way-into-your-finances.png,5588,5632,16.54,2.81,0.0,CHANGED