"source","destination","status","kind","reason"
"http://gmbcreditunion.com/*","https://www.gmbcreditunion.com/:path*","308","platform","apex→www + http→https; Vercel domain redirect (currently 301 on Apache)"
"http://www.gmbcreditunion.com/*","https://www.gmbcreditunion.com/:path*","308","platform","http→https; Vercel/HSTS"
"https://gmbcreditunion.com/*","https://www.gmbcreditunion.com/:path*","308","platform","apex→www"
"/<path-without-trailing-slash>","/<path>/","308","platform","next.config trailingSlash:true reproduces WordPress behaviour (39 live examples below); note 308 vs WP 301 — equivalent for SEO"
"/<Path-With-Uppercase>","/<path lowercased>","301","proposed","middleware rule: Apache served /About-Us/ and /Contact-Us/ case-insensitively (both 200, canonical lowercase); Vercel is case-sensitive"
"/page/2/","/","301","proposed","home pagination page is a noindex duplicate of /"
"/?page=N and /?s=…","(serve route, ignore query)","-","platform","query strings do not change routes in Next; /?page=0 and /?s=test currently 200 with canonical / — no search UI exists"
"/sitemap.xml","/sitemap_index.xml","301","live-301","preserve; new build also emits /sitemap_index.xml (submitted in GSC) + child sitemaps post-sitemap.xml / page-sitemap.xml at the same paths"
"/file-sitemap.xml","/sitemap_index.xml","301","proposed","file post type on hold"
"/filter-files-sitemap.xml","/sitemap_index.xml","301","proposed","filter taxonomy on hold"
"/our-blog/feed/","(serve RSS)","200","platform","only live feed; regenerate from content tree"
"/directors-area/","/","302","proposed-HOLD","temporary while directors area is held (future Credit Canary portal). Alternative: 410"
"/directors-area/:slug/","/","302","proposed-HOLD","10 password-protected pages, held"
"/file/:slug/","(410 Gone)","410","proposed-HOLD","278 empty title+date shells, held; 410 removes them from the index fastest. Alternative: 302 → /"
"/filter/:slug/","(410 Gone)","410","proposed-HOLD","55 taxonomy archives (+14 paginated), held"
"/filter/:slug/page/:n/","(410 Gone)","410","proposed-HOLD","paginated filter archives"
"/junior-saver-account-application","/savings/young-saver/","301","proposed","dead internal link from /help-your-children-form-good-money-habits/ (404 today) — redirect instead of editing post copy"
"/apple-touch-icon.png","(serve file)","200","platform","referenced in <head> on every page, 404 today; ship a real icon"
"/?page=1","/","301","live-301","preserve as-is"
"/?page=2","/","301","live-301","preserve as-is"
"/?page=3","/","301","live-301","preserve as-is"
"/?page=4","/","301","live-301","preserve as-is"
"/?page=5","/","301","live-301","preserve as-is"
"/?page=6","/","301","live-301","preserve as-is"
"/?page=7","/","301","live-301","preserve as-is"
"/?page=8","/","301","live-301","preserve as-is"
"/10-ways-improve-your-credit-score","/10-ways-improve-your-credit-score/","301","live-301 (platform)","trailing slash — handled by trailingSlash:true"
"/10-ways-improve-your-credit-score","/10-ways-improve-your-credit-score/","301","live-301","newsletter-tracking variant; query dropped, same rule as the base path"
"/About-Us","/About-Us/","301","live-301 (platform)","trailing slash — handled by trailingSlash:true"
"/alternatives-short-term-credit","/alternatives-short-term-credit/","301","live-301 (platform)","trailing slash — handled by trailingSlash:true"
"/budget-planner","/resources/member-helper/budget-planner/","301","live-301","preserve as-is"
"/cash-flow-king","/cash-flow-king/","301","live-301 (platform)","trailing slash — handled by trailingSlash:true"
"/category/uncategorised/feed/","/category/uncategorised/","301","live-301","preserve as-is"
"/celebrating-two-years-members-prize-draw","/celebrating-two-years-members-prize-draw/","301","live-301 (platform)","trailing slash — handled by trailingSlash:true"
"/comments/feed/","/","301","live-301","preserve as-is"
"/complaints","/complaints/","301","live-301 (platform)","trailing slash — handled by trailingSlash:true"
"/consolidation-loans-plan-brighter-financial-future","/consolidation-loans-plan-brighter-financial-future/","301","live-301 (platform)","trailing slash — handled by trailingSlash:true"
"/contact-us","/contact-us/","301","live-301 (platform)","trailing slash — handled by trailingSlash:true"
"/Contact-Us","/Contact-Us/","301","live-301 (platform)","trailing slash — handled by trailingSlash:true"
"/cost-living","/cost-of-living/","301","live-301","preserve as-is"
"/credit-crisis-real-impact-short-term-credit","/credit-crisis-real-impact-short-term-credit/","301","live-301 (platform)","trailing slash — handled by trailingSlash:true"
"/creditview","/","301","live-301","preserve as-is"
"/dealing-coronavirus","/dealing-coronavirus/","301","live-301 (platform)","trailing slash — handled by trailingSlash:true"
"/debt-advice-locator","/resources/member-helper/debt-advice-locator/","301","live-301","preserve as-is"
"/faqs","/faqs/","301","live-301 (platform)","trailing slash — handled by trailingSlash:true"
"/feed/","/","301","live-301","preserve as-is"
"/feel-positive-about-saving-and-confident-about-borrowing/","/feel-positive-about-saving-and-borrowing/","301","live-301","preserve as-is"
"/file/board-mins-14th-june-2023/","/file/board-minutes-14th-june-2023/","301","live-301→HOLD","target is on hold → follows the hold rule above"
"/file/board-mins-22nd-march-2023/","/file/board-minutes-22nd-march-2023/","301","live-301→HOLD","target is on hold → follows the hold rule above"
"/file/board-mins-27th-september-2023/","/file/board-minutes-27th-september-2023/","301","live-301→HOLD","target is on hold → follows the hold rule above"
"/five-financial-goals-next-financial-year","/five-financial-goals-next-financial-year/","301","live-301 (platform)","trailing slash — handled by trailingSlash:true"
"/gmbcu-members-prize-draw","/gmb-credit-union-prize-draw/","301","live-301","preserve as-is"
"/gmbcu-members-prize-draw/","/gmb-credit-union-prize-draw/","301","live-301","preserve as-is"
"/home","/","301","live-301","preserve as-is"
"/how-and-why-help-your-children-form-good-money-habits","/help-your-children-form-good-money-habits/","301","live-301","preserve as-is"
"/how-check-your-credit-score-free","/how-check-your-credit-score-free/","301","live-301 (platform)","trailing slash — handled by trailingSlash:true"
"/how-financial-problems-affect-your-mental-health","/how-financial-problems-affect-your-mental-health/","301","live-301 (platform)","trailing slash — handled by trailingSlash:true"
"/how-recognise-and-avoid-most-common-finance-scams","/how-recognise-and-avoid-most-common-finance-scams/","301","live-301 (platform)","trailing slash — handled by trailingSlash:true"
"/importance-understanding-ivas","/importance-understanding-ivas/","301","live-301 (platform)","trailing slash — handled by trailingSlash:true"
"/index.php/","/","301","live-301","preserve as-is"
"/index.php/10-ways-improve-your-credit-score","/10-ways-improve-your-credit-score/","301","live-301","newsletter-tracking variant; query dropped, same rule as the base path"
"/index.php/2021-agm-summary","/our-blog/","301","live-301 (retargeted)","current target /2021-agm-summary is 404 — mapped to nearest live equivalent (Drupal-era path)"
"/index.php/about-us","/about-us/","301","live-301","preserve as-is"
"/index.php/contact-us","/contact-us/","301","live-301","preserve as-is"
"/index.php/creditview","/","301","live-301","collapsed 2-hop chain to final destination"
"/index.php/faqs","/faqs/","301","live-301","preserve as-is"
"/index.php/filter/tips","/filter/tips","301","live-301→HOLD","target is on hold → follows the hold rule above"
"/index.php/gmbcu-members-prize-draw","/gmb-credit-union-prize-draw/","301","live-301","collapsed 2-hop chain to final destination"
"/index.php/how-financial-problems-affect-your-mental-health","/how-financial-problems-affect-your-mental-health/","301","live-301","preserve as-is"
"/index.php/loan-application","/loan-application-rejected-what-now/","301","live-301","preserve as-is"
"/index.php/loan-application-rejected-what-now","/loan-application-rejected-what-now/","301","live-301","preserve as-is"
"/index.php/loans","/loans/","301","live-301","preserve as-is"
"/index.php/member-saving-account-application","/savings/member-saver/","301","live-301 (retargeted)","current target /member-saving-account-application is 404 — mapped to nearest live equivalent (Drupal-era path)"
"/index.php/nivo","/","301","live-301 (retargeted)","current target /nivo is 404 — mapped to nearest live equivalent (Drupal-era path)"
"/index.php/node","/","301","live-301 (retargeted)","current target /node is 404 — mapped to nearest live equivalent (Drupal-era path)"
"/index.php/node/21","/","301","live-301 (retargeted)","current target /node/21 is 404 — mapped to nearest live equivalent (Drupal-era path)"
"/index.php/node/22","/","301","live-301 (retargeted)","current target /node/22 is 404 — mapped to nearest live equivalent (Drupal-era path)"
"/index.php/node/23","/","301","live-301 (retargeted)","current target /node/23 is 404 — mapped to nearest live equivalent (Drupal-era path)"
"/index.php/node/24","/","301","live-301 (retargeted)","current target /node/24 is 404 — mapped to nearest live equivalent (Drupal-era path)"
"/index.php/node/28","/","301","live-301 (retargeted)","current target /node/28 is 404 — mapped to nearest live equivalent (Drupal-era path)"
"/index.php/node/29","/","301","live-301 (retargeted)","current target /node/29 is 404 — mapped to nearest live equivalent (Drupal-era path)"
"/index.php/node/38","/","301","live-301 (retargeted)","current target /node/38 is 404 — mapped to nearest live equivalent (Drupal-era path)"
"/index.php/our-blog","/our-blog/","301","live-301","preserve as-is"
"/index.php/privacy-policy","/privacy-policy/","301","live-301","preserve as-is"
"/index.php/savings-accounts","/savings/","301","live-301","collapsed 2-hop chain to final destination"
"/index.php/useful-links","/resources/","301","live-301 (retargeted)","current target /useful-links is 404 — mapped to nearest live equivalent (Drupal-era path)"
"/index.php/user/login/","/","301","live-301 (retargeted)","current target /user/login/ is 404 — mapped to nearest live equivalent (Drupal-era path)"
"/index.php/user/logout/","/","301","live-301 (retargeted)","current target /user/logout/ is 404 — mapped to nearest live equivalent (Drupal-era path)"
"/index.php/user/password/","/","301","live-301 (retargeted)","current target /user/password/ is 404 — mapped to nearest live equivalent (Drupal-era path)"
"/index.php/virtuous-circle","/virtuous-circle/","301","live-301","preserve as-is"
"/lets-get-transparent-loan-interest-rates","/lets-get-transparent-loan-interest-rates/","301","live-301 (platform)","trailing slash — handled by trailingSlash:true"
"/loan-application","/loan-application-rejected-what-now/","301","live-301","preserve as-is"
"/loan-application-rejected-what-now","/loan-application-rejected-what-now/","301","live-301 (platform)","trailing slash — handled by trailingSlash:true"
"/loans","/loans/","301","live-301 (platform)","trailing slash — handled by trailingSlash:true"
"/loans","/loans/","301","live-301","newsletter-tracking variant; query dropped, same rule as the base path"
"/meet-dennis-member-case-study","/meet-dennis-member-case-study/","301","live-301 (platform)","trailing slash — handled by trailingSlash:true"
"/money-navigator","/resources/member-helper/","301","live-301","preserve as-is"
"/money-talk-kids-why-you-need-start-your-childrens-financial-education-now/","/childrens-financial-education/","301","live-301","preserve as-is"
"/navigating-financial-storm-how-we-can-help","/navigating-financial-storm-how-we-can-help/","301","live-301 (platform)","trailing slash — handled by trailingSlash:true"
"/one-year-members-prize-draw","/one-year-members-prize-draw/","301","live-301 (platform)","trailing slash — handled by trailingSlash:true"
"/options-dealing-debt","/options-dealing-debt/","301","live-301 (platform)","trailing slash — handled by trailingSlash:true"
"/our-blog","/our-blog/","301","live-301 (platform)","trailing slash — handled by trailingSlash:true"
"/our-blog?page=0","/our-blog/","301","live-301","target normalised (query dropped)"
"/our-blog?page=1","/our-blog/","301","live-301","preserve as-is"
"/our-blog?page=2","/our-blog/","301","live-301","preserve as-is"
"/our-blog?page=3","/our-blog/","301","live-301","preserve as-is"
"/our-blog?page=4","/our-blog/","301","live-301","preserve as-is"
"/our-blog?page=5","/our-blog/","301","live-301","preserve as-is"
"/our-blog?page=6","/our-blog/","301","live-301","preserve as-is"
"/our-blog?page=7","/our-blog/","301","live-301","preserve as-is"
"/our-blog?page=8","/our-blog/","301","live-301","preserve as-is"
"/our-enhanced-member-loans-explained","/our-enhanced-member-loans-explained/","301","live-301 (platform)","trailing slash — handled by trailingSlash:true"
"/overdraft-fees-are-changing","/overdraft-fees-are-changing/","301","live-301 (platform)","trailing slash — handled by trailingSlash:true"
"/privacy-policy","/privacy-policy/","301","live-301 (platform)","trailing slash — handled by trailingSlash:true"
"/resources/member-helper/budget-planner/,","/resources/member-helper/budget-planner/","301","live-301","preserve as-is"
"/save-now-spend-later","/save-now-spend-later/","301","live-301 (platform)","trailing slash — handled by trailingSlash:true"
"/savings-accounts","/savings/","301","live-301","preserve as-is"
"/savings/junior-saver/","/savings/young-saver/","301","live-301","preserve as-is"
"/savings/junior-saver/apply/","/savings/young-saver/","301","live-301 (retargeted)","current target /savings/young-saver/apply/ is 404 — mapped to nearest live equivalent (Drupal-era path)"
"/shocking-truth-about-short-term-credit","/shocking-truth-about-short-term-credit/","301","live-301 (platform)","trailing slash — handled by trailingSlash:true"
"/simple-money-management-tips-feel-better-about-your-finances/","/simple-money-management-tips/","301","live-301","preserve as-is"
"/sitemap.xml","/sitemap_index.xml","301","live-301","preserve as-is"
"/ultimate-guide-open-banking","/ultimate-guide-open-banking/","301","live-301 (platform)","trailing slash — handled by trailingSlash:true"
"/virtuous-circle","/virtuous-circle/","301","live-301 (platform)","trailing slash — handled by trailingSlash:true"
"/we-are-delivering-how-were-responding-our-members-needs","/we-are-delivering-how-were-responding-our-members-needs/","301","live-301 (platform)","trailing slash — handled by trailingSlash:true"
"/what-credit-and-why-does-it-matter","/what-credit-and-why-does-it-matter/","301","live-301 (platform)","trailing slash — handled by trailingSlash:true"
"/what-do-members-need-know-applying-loan","/what-do-members-need-know-applying-loan/","301","live-301 (platform)","trailing slash — handled by trailingSlash:true"
"/where-go-if-youre-feeling-stressed-about-money","/where-go-if-youre-feeling-stressed-about-money/","301","live-301 (platform)","trailing slash — handled by trailingSlash:true"
"/why-credit-unions-are-now-more-important-ever","/why-credit-unions-are-now-more-important-ever/","301","live-301 (platform)","trailing slash — handled by trailingSlash:true"
"/working-towards-brighter-financial-future","/working-towards-brighter-financial-future/","301","live-301 (platform)","trailing slash — handled by trailingSlash:true"
"/wp-sitemap.xml","/sitemap_index.xml","301","live-301","preserve as-is"
"/your-money-now-and-whats-next","/your-money-now-and-whats-next/","301","live-301 (platform)","trailing slash — handled by trailingSlash:true"
