"url","old_status","new_status","new_location","planned_target","hops","result","title_match","description_match","canonical_match","h1_match","og_match","schema_old","schema_new","words_old","words_new","words_delta_pct","links_old","links_new","notes"
"/","200","200","","","0","OK","true","true","true","true","true","WebPage|ImageObject|BreadcrumbList|WebSite","BreadcrumbList|FinancialService|ImageObject|Organization|WebPage|WebSite","603","602","-0.2","30","30",""
"/10-ways-improve-your-credit-score","301","301","/10-ways-improve-your-credit-score/","/10-ways-improve-your-credit-score/","1","OK","","","","","","","","","","","","",""
"/10-ways-improve-your-credit-score/","200","200","","","0","OK","true","true","true","true","true","Article|WebPage|ImageObject|BreadcrumbList|WebSite|Person","Article|BreadcrumbList|FinancialService|ImageObject|Organization|Person|WebPage|WebSite","1180","1180","0.0","29","27",""
"/2021-agm-summary","404","301","/2021-agm-summary/","","1","OK","","","","","","","","","","","","","now redirects → /2021-agm-summary/"
"/2023-agm-summary/","200","200","","","0","OK","true","true","true","true","true","Article|WebPage|ImageObject|BreadcrumbList|WebSite|Person","Article|BreadcrumbList|FinancialService|ImageObject|Organization|Person|WebPage|WebSite","329","329","0.0","27","27",""
"/2024-agm-summary/","200","200","","","0","OK","true","true","true","true","true","Article|WebPage|ImageObject|BreadcrumbList|WebSite|Person","Article|BreadcrumbList|FinancialService|ImageObject|Organization|Person|WebPage|WebSite","336","336","0.0","27","27",""
"/2025-agm-summary/","200","200","","","0","OK","true","true","true","true","true","Article|WebPage|ImageObject|BreadcrumbList|WebSite|Person","Article|BreadcrumbList|FinancialService|ImageObject|Organization|Person|WebPage|WebSite","343","343","0.0","27","27",""
"/2026-agm-summary/","200","200","","","0","OK","true","true","true","true","true","Article|WebPage|ImageObject|BreadcrumbList|WebSite|Person","Article|BreadcrumbList|FinancialService|ImageObject|Organization|Person|WebPage|WebSite","342","342","0.0","27","27",""
"/404-does-not-exist-abc/","404","404","","","0","OK","","","","","","","","","","","","","still 404 (expected)"
"/7-ways-to-save-money-over-the-summer-holidays/","200","200","","","0","OK","true","true","true","true","true","Article|WebPage|ImageObject|BreadcrumbList|WebSite|Person","Article|BreadcrumbList|FinancialService|ImageObject|Organization|Person|WebPage|WebSite","1214","1214","0.0","27","27",""
"/About-Us","301","301","/about-us/","/About-Us/","1","OK","","","","","","","","","","","","",""
"/about-us/","200","200","","","0","OK","true","true","true","true","true","WebPage|BreadcrumbList|WebSite","BreadcrumbList|FinancialService|Organization|WebPage|WebSite","445","445","0.0","26","26",""
"/About-Us/","200","301","/about-us/","/About-Us/","1","OK","","","","","","","","","","","","","planned 301 → /about-us/"
"/ads.txt","404","404","","","0","OK","","","","","","","","","","","","","still 404 (expected)"
"/alternatives-short-term-credit","301","301","/alternatives-short-term-credit/","/alternatives-short-term-credit/","1","OK","","","","","","","","","","","","",""
"/alternatives-short-term-credit/","200","200","","","0","OK","true","true","true","true","true","Article|WebPage|ImageObject|BreadcrumbList|WebSite|Person","Article|BreadcrumbList|FinancialService|ImageObject|Organization|Person|WebPage|WebSite","631","631","0.0","26","26",""
"/annual-general-meeting-2024/","200","200","","","0","OK","true","true","true","true","true","WebPage|BreadcrumbList|WebSite","BreadcrumbList|FinancialService|Organization|WebPage|WebSite","252","247","-2.0","35","35",""
"/annual-general-meeting-2025/","200","200","","","0","OK","true","true","true","true","true","WebPage|BreadcrumbList|WebSite","BreadcrumbList|FinancialService|Organization|WebPage|WebSite","252","247","-2.0","35","35",""
"/annual-general-meeting-2026/","200","200","","","0","OK","true","true","true","true","true","WebPage|BreadcrumbList|WebSite","BreadcrumbList|FinancialService|Organization|WebPage|WebSite","248","243","-2.0","34","34",""
"/apple-touch-icon.png","404","200","","(serve file)","0","OK","","","","","","","","","","","","","was 404, now served"
"/author/","404","404","","","0","OK","","","","","","","","","","","","","still 404 (expected)"
"/avoid-loan-sharks-and-stay-smart-with-your-money/","200","200","","","0","OK","true","true","true","true","true","Article|WebPage|ImageObject|BreadcrumbList|WebSite|Person","Article|BreadcrumbList|FinancialService|ImageObject|Organization|Person|WebPage|WebSite","1001","1001","0.0","27","27",""
"/become-a-credit-union-advocate/","200","200","","","0","OK","true","true","true","true","true","WebPage|BreadcrumbList|WebSite","BreadcrumbList|FinancialService|Organization|WebPage|WebSite","41","36","-12.2","26","26",""
"/blog/","404","404","","","0","OK","","","","","","","","","","","","","still 404 (expected)"
"/budget-planner","301","301","/resources/member-helper/budget-planner/","/resources/member-helper/budget-planner/","1","OK","","","","","","","","","","","","",""
"/cash-flow-king","301","301","/cash-flow-king/","/cash-flow-king/","1","OK","","","","","","","","","","","","",""
"/cash-flow-king/","200","200","","","0","OK","true","true","true","true","true","Article|WebPage|ImageObject|BreadcrumbList|WebSite|Person","Article|BreadcrumbList|FinancialService|ImageObject|Organization|Person|WebPage|WebSite","846","846","0.0","27","27",""
"/category-sitemap.xml","200","301","/sitemap_index.xml","","1","OK","","","","","","","","","","","","",""
"/category/uncategorised/","200","200","","","0","OK","true","true","true","true","true","CollectionPage|ImageObject|BreadcrumbList|WebSite","BreadcrumbList|CollectionPage|FinancialService|ImageObject|Organization|WebSite","285","285","0.0","40","40",""
"/category/uncategorised/feed/","301","301","/category/uncategorised/","/category/uncategorised/","1","OK","","","","","","","","","","","","",""
"/category/uncategorised/page/2/","200","200","","","0","OK","true","true","true","true","true","CollectionPage|ImageObject|BreadcrumbList|WebSite","BreadcrumbList|CollectionPage|FinancialService|ImageObject|Organization|WebSite","303","303","0.0","41","40",""
"/category/uncategorised/page/3/","200","200","","","0","OK","true","true","true","true","true","CollectionPage|ImageObject|BreadcrumbList|WebSite","BreadcrumbList|CollectionPage|FinancialService|ImageObject|Organization|WebSite","300","300","0.0","41","40",""
"/category/uncategorised/page/4/","200","200","","","0","OK","true","true","true","true","true","CollectionPage|ImageObject|BreadcrumbList|WebSite","BreadcrumbList|CollectionPage|FinancialService|ImageObject|Organization|WebSite","293","293","0.0","41","40",""
"/category/uncategorised/page/5/","200","200","","","0","OK","true","true","true","true","true","CollectionPage|ImageObject|BreadcrumbList|WebSite","BreadcrumbList|CollectionPage|FinancialService|ImageObject|Organization|WebSite","293","294","0.3","41","40",""
"/category/uncategorised/page/6/","200","200","","","0","OK","true","true","true","true","true","CollectionPage|ImageObject|BreadcrumbList|WebSite","BreadcrumbList|CollectionPage|FinancialService|ImageObject|Organization|WebSite","307","305","-0.7","41","40",""
"/category/uncategorised/page/7/","200","200","","","0","OK","true","true","true","true","true","CollectionPage|ImageObject|BreadcrumbList|WebSite","BreadcrumbList|CollectionPage|FinancialService|ImageObject|Organization|WebSite","303","306","1.0","41","40",""
"/category/uncategorised/page/8/","200","200","","","0","FAIL","true","true","true","true","true","CollectionPage|ImageObject|BreadcrumbList|WebSite","BreadcrumbList|CollectionPage|FinancialService|ImageObject|Organization|WebSite","289","260","-10.0","40","39","words 289→260"
"/celebrating-25-years-of-gmbcu/","200","200","","","0","OK","true","true","true","true","true","Article|WebPage|ImageObject|BreadcrumbList|WebSite|Person","Article|BreadcrumbList|FinancialService|ImageObject|Organization|Person|WebPage|WebSite","1045","1045","0.0","26","26",""
"/celebrating-two-years-members-prize-draw","301","301","/celebrating-two-years-members-prize-draw/","/celebrating-two-years-members-prize-draw/","1","OK","","","","","","","","","","","","",""
"/celebrating-two-years-members-prize-draw/","200","200","","","0","OK","true","true","true","true","true","Article|WebPage|ImageObject|BreadcrumbList|WebSite|Person","Article|BreadcrumbList|FinancialService|ImageObject|Organization|Person|WebPage|WebSite","1406","1406","0.0","27","27",""
"/childrens-financial-education/","200","200","","","0","OK","true","true","true","true","true","Article|WebPage|ImageObject|BreadcrumbList|WebSite|Person","Article|BreadcrumbList|FinancialService|ImageObject|Organization|Person|WebPage|WebSite","1098","1098","0.0","33","33",""
"/comments/feed/","301","301","/","/","1","OK","","","","","","","","","","","","",""
"/complaints","301","301","/complaints/","/complaints/","1","OK","","","","","","","","","","","","",""
"/complaints/","200","200","","","0","OK","true","true","true","true","true","WebPage|BreadcrumbList|WebSite","BreadcrumbList|FinancialService|Organization|WebPage|WebSite","183","183","0.0","26","26",""
"/consolidation-loans-plan-brighter-financial-future","301","301","/consolidation-loans-plan-brighter-financial-future/","/consolidation-loans-plan-brighter-financial-future/","1","OK","","","","","","","","","","","","",""
"/consolidation-loans-plan-brighter-financial-future/","200","200","","","0","OK","true","true","true","true","true","Article|WebPage|ImageObject|BreadcrumbList|WebSite|Person","Article|BreadcrumbList|FinancialService|ImageObject|Organization|Person|WebPage|WebSite","902","902","0.0","26","26",""
"/contact-us","301","301","/contact-us/","/contact-us/","1","OK","","","","","","","","","","","","",""
"/Contact-Us","301","301","/contact-us/","/Contact-Us/","1","OK","","","","","","","","","","","","",""
"/contact-us/","200","200","","","0","OK","true","true","true","true","true","WebPage|BreadcrumbList|WebSite","BreadcrumbList|FinancialService|Organization|WebPage|WebSite","136","135","-0.7","26","26",""
"/Contact-Us/","200","301","/contact-us/","/Contact-Us/","1","OK","","","","","","","","","","","","","planned 301 → /contact-us/"
"/cost-living","301","301","/cost-of-living/","/cost-of-living/","1","OK","","","","","","","","","","","","",""
"/cost-of-living/","200","200","","","0","OK","true","true","true","true","true","WebPage|BreadcrumbList|WebSite","BreadcrumbList|FinancialService|Organization|WebPage|WebSite","528","528","0.0","27","27",""
"/creating-good-money-habits-save-as-you-borrow/","200","200","","","0","OK","true","true","true","true","true","Article|WebPage|ImageObject|BreadcrumbList|WebSite|Person","Article|BreadcrumbList|FinancialService|ImageObject|Organization|Person|WebPage|WebSite","304","304","0.0","26","26",""
"/credit-crisis-real-impact-short-term-credit","301","301","/credit-crisis-real-impact-short-term-credit/","/credit-crisis-real-impact-short-term-credit/","1","OK","","","","","","","","","","","","",""
"/credit-crisis-real-impact-short-term-credit/","200","200","","","0","OK","true","true","true","true","true","Article|WebPage|ImageObject|BreadcrumbList|WebSite|Person","Article|BreadcrumbList|FinancialService|ImageObject|Organization|Person|WebPage|WebSite","847","847","0.0","29","29",""
"/creditview","301","301","/","/","1","OK","","","","","","","","","","","","",""
"/dealing-coronavirus","301","301","/dealing-coronavirus/","/dealing-coronavirus/","1","OK","","","","","","","","","","","","",""
"/dealing-coronavirus/","200","200","","","0","OK","true","true","true","true","true","Article|WebPage|ImageObject|BreadcrumbList|WebSite|Person","Article|BreadcrumbList|FinancialService|ImageObject|Organization|Person|WebPage|WebSite","177","177","0.0","26","26",""
"/debt-advice-locator","301","301","/resources/member-helper/debt-advice-locator/","/resources/member-helper/debt-advice-locator/","1","OK","","","","","","","","","","","","",""
"/directors-area/","200","302","/","/","1","OK","","","","","","","","","","","","","held → 302 /"
"/directors-area/annual-audited-accounts/","200","302","/","","1","OK","","","","","","","","","","","","","held → 302 /"
"/directors-area/annual-report/","200","302","/","","1","OK","","","","","","","","","","","","","held → 302 /"
"/directors-area/board-minutes/","200","302","/","","1","OK","","","","","","","","","","","","","held → 302 /"
"/directors-area/budget/","200","302","/","","1","OK","","","","","","","","","","","","","held → 302 /"
"/directors-area/business-plan/","200","302","/","","1","OK","","","","","","","","","","","","","held → 302 /"
"/directors-area/business-policies/","200","302","/","","1","OK","","","","","","","","","","","","","held → 302 /"
"/directors-area/employee-policies/","200","302","/","","1","OK","","","","","","","","","","","","","held → 302 /"
"/directors-area/governance/","200","302","/","","1","OK","","","","","","","","","","","","","held → 302 /"
"/directors-area/policies/","200","302","/","","1","OK","","","","","","","","","","","","","held → 302 /"
"/faqs","301","301","/faqs/","/faqs/","1","OK","","","","","","","","","","","","",""
"/faqs/","200","200","","","0","OK","true","true","true","true","true","WebPage|BreadcrumbList|WebSite","BreadcrumbList|FAQPage|FinancialService|Organization|WebPage|WebSite","4591","4591","0.0","29","29",""
"/favicon.ico","200","200","","","0","OK","","","","","","","","","","","","",""
"/feed/","301","301","/","/","1","OK","","","","","","","","","","","","",""
"/feel-positive-about-saving-and-borrowing/","200","200","","","0","OK","true","true","true","true","true","Article|WebPage|ImageObject|BreadcrumbList|WebSite|Person","Article|BreadcrumbList|FinancialService|ImageObject|Organization|Person|WebPage|WebSite","795","795","0.0","29","29",""
"/feel-positive-about-saving-and-confident-about-borrowing/","301","301","/feel-positive-about-saving-and-borrowing/","/feel-positive-about-saving-and-borrowing/","1","OK","","","","","","","","","","","","",""
"/file-sitemap.xml","200","301","/sitemap_index.xml","/sitemap_index.xml","1","OK","","","","","","","","","","","","",""
"/file/13th-july-2022/","200","410","","","0","OK","","","","","","","","","","","","","held → 410"
"/file/14th-september-2022/","200","410","","","0","OK","","","","","","","","","","","","","held → 410"
"/file/16th-december-2021/","200","410","","","0","OK","","","","","","","","","","","","","held → 410"
"/file/23rd-february-2022/","200","410","","","0","OK","","","","","","","","","","","","","held → 410"
"/file/23rd-november-2022/","200","410","","","0","OK","","","","","","","","","","","","","held → 410"
"/file/25th-may-2022/","200","410","","","0","OK","","","","","","","","","","","","","held → 410"
"/file/3rd-march-2026/","200","410","","","0","OK","","","","","","","","","","","","","held → 410"
"/file/7th-february-2023/","200","410","","","0","OK","","","","","","","","","","","","","held → 410"
"/file/abcul-the-credit-union-directors-handbook/","200","410","","","0","OK","","","","","","","","","","","","","held → 410"
"/file/agm-agenda-2024/","200","410","","","0","OK","","","","","","","","","","","","","held → 410"
"/file/aml-financial-crime-policy/","200","410","","","0","OK","","","","","","","","","","","","","held → 410"
"/file/annual-audited-accounts-2023/","200","410","","","0","OK","","","","","","","","","","","","","held → 410"
"/file/annual-audited-accounts/","200","410","","","0","OK","","","","","","","","","","","","","held → 410"
"/file/annual-report-2023/","200","410","","","0","OK","","","","","","","","","","","","","held → 410"
"/file/annual-report-2024/","200","410","","","0","OK","","","","","","","","","","","","","held → 410"
"/file/annual-report/","200","410","","","0","OK","","","","","","","","","","","","","held → 410"
"/file/anti-bribery-corruption-policy/","200","410","","","0","OK","","","","","","","","","","","","","held → 410"
"/file/april-2023-marketing-overview/","200","410","","","0","OK","","","","","","","","","","","","","held → 410"
"/file/april-2023-monthly-loan-stats/","200","410","","","0","OK","","","","","","","","","","","","","held → 410"
"/file/april-2023-monthly-processing-stats/","200","410","","","0","OK","","","","","","","","","","","","","held → 410"
"/file/april-2023-monthly-report/","200","410","","","0","OK","","","","","","","","","","","","","held → 410"
"/file/august-2023-loan-stats-2/","200","410","","","0","OK","","","","","","","","","","","","","held → 410"
"/file/august-2023-loan-stats/","200","410","","","0","OK","","","","","","","","","","","","","held → 410"
"/file/august-2023-marketing-overview/","200","410","","","0","OK","","","","","","","","","","","","","held → 410"
"/file/august-2023-monthly-processing-stats/","200","410","","","0","OK","","","","","","","","","","","","","held → 410"
"/file/august-2023-monthly-report/","200","410","","","0","OK","","","","","","","","","","","","","held → 410"
"/file/august-2023-processing-stats/","200","410","","","0","OK","","","","","","","","","","","","","held → 410"
"/file/board-mins-14th-june-2023/","301","410","","/file/board-minutes-14th-june-2023/","0","OK","","","","","","","","","","","","",""
"/file/board-mins-22nd-march-2023/","301","410","","/file/board-minutes-22nd-march-2023/","0","OK","","","","","","","","","","","","",""
"/file/board-mins-27th-september-2023/","301","410","","/file/board-minutes-27th-september-2023/","0","OK","","","","","","","","","","","","",""
"/file/board-minutes-14th-june-2023/","200","410","","","0","OK","","","","","","","","","","","","","held → 410"
"/file/board-minutes-20th-june-2024/","200","410","","","0","OK","","","","","","","","","","","","","held → 410"
"/file/board-minutes-22nd-march-2023/","200","410","","","0","OK","","","","","","","","","","","","","held → 410"
"/file/board-minutes-27th-september-2023/","200","410","","","0","OK","","","","","","","","","","","","","held → 410"
"/file/board-minutes-29th-nov-2023/","200","410","","","0","OK","","","","","","","","","","","","","held → 410"
"/file/board-minutes-5th-september-2024/","200","410","","","0","OK","","","","","","","","","","","","","held → 410"
"/file/board-minutes-7th-nov-2024/","200","410","","","0","OK","","","","","","","","","","","","","held → 410"
"/file/board-of-directors-report/","200","410","","","0","OK","","","","","","","","","","","","","held → 410"
"/file/breaches-policy/","200","410","","","0","OK","","","","","","","","","","","","","held → 410"
"/file/budget/","200","410","","","0","OK","","","","","","","","","","","","","held → 410"
"/file/bullying-and-harrassment/","200","410","","","0","OK","","","","","","","","","","","","","held → 410"
"/file/business-continuity-plan/","200","410","","","0","OK","","","","","","","","","","","","","held → 410"
"/file/business-plan-2024/","200","410","","","0","OK","","","","","","","","","","","","","held → 410"
"/file/business-plan-2025/","200","410","","","0","OK","","","","","","","","","","","","","held → 410"
"/file/business-plan/","200","410","","","0","OK","","","","","","","","","","","","","held → 410"
"/file/capability-and-performance-management/","200","410","","","0","OK","","","","","","","","","","","","","held → 410"
"/file/code-of-governance-for-gmbcu-board/","200","410","","","0","OK","","","","","","","","","","","","","held → 410"
"/file/compassionate-leave/","200","410","","","0","OK","","","","","","","","","","","","","held → 410"
"/file/complaint-handling-policy-and-procedures/","200","410","","","0","OK","","","","","","","","","","","","","held → 410"
"/file/complaints-directors-report/","200","410","","","0","OK","","","","","","","","","","","","","held → 410"
"/file/compliance-framework-policies-and-procedures/","200","410","","","0","OK","","","","","","","","","","","","","held → 410"
"/file/confidentiality-policy-declaration/","200","410","","","0","OK","","","","","","","","","","","","","held → 410"
"/file/conflicts-of-interest-policy/","200","410","","","0","OK","","","","","","","","","","","","","held → 410"
"/file/consumer-duty-implementation-plan/","200","410","","","0","OK","","","","","","","","","","","","","held → 410"
"/file/consumer-duty-treating-members-fairly-policy/","200","410","","","0","OK","","","","","","","","","","","","","held → 410"
"/file/consumer-duty/","200","410","","","0","OK","","","","","","","","","","","","","held → 410"
"/file/credit-control-policy/","200","410","","","0","OK","","","","","","","","","","","","","held → 410"
"/file/cyber-information-policy/","200","410","","","0","OK","","","","","","","","","","","","","held → 410"
"/file/disciplinary-procedure/","200","410","","","0","OK","","","","","","","","","","","","","held → 410"
"/file/emergency-dependants-leave/","200","410","","","0","OK","","","","","","","","","","","","","held → 410"
"/file/employment-terms-conditions/","200","410","","","0","OK","","","","","","","","","","","","","held → 410"
"/file/equality-diversity-inclusion/","200","410","","","0","OK","","","","","","","","","","","","","held → 410"
"/file/february-2023-marketing-overview/","200","410","","","0","OK","","","","","","","","","","","","","held → 410"
"/file/february-2023-monthly-loan-stats/","200","410","","","0","OK","","","","","","","","","","","","","held → 410"
"/file/february-2023-monthly-processing-stats/","200","410","","","0","OK","","","","","","","","","","","","","held → 410"
"/file/february-2023-monthly-report/","200","410","","","0","OK","","","","","","","","","","","","","held → 410"
"/file/financial-management-policy/","200","410","","","0","OK","","","","","","","","","","","","","held → 410"
"/file/financial-promotions-policy/","200","410","","","0","OK","","","","","","","","","","","","","held → 410"
"/file/flexible-working/","200","410","","","0","OK","","","","","","","","","","","","","held → 410"
"/file/friends-of-gmbcu-prize-draw-report/","200","410","","","0","OK","","","","","","","","","","","","","held → 410"
"/file/gifts-hospitality-policy/","200","410","","","0","OK","","","","","","","","","","","","","held → 410"
"/file/gmb-risk-appetite-statements-2023/","200","410","","","0","OK","","","","","","","","","","","","","held → 410"
"/file/gmbcu-board-evaluation/","200","410","","","0","OK","","","","","","","","","","","","","held → 410"
"/file/gmbcu-confidentiality-policy-declaration-form-2024/","200","410","","","0","OK","","","","","","","","","","","","","held → 410"
"/file/gmbcu-director-recruitment-and-succession/","200","410","","","0","OK","","","","","","","","","","","","","held → 410"
"/file/gmbcu-organisational-chart-2024/","200","410","","","0","OK","","","","","","","","","","","","","held → 410"
"/file/gmbcu-risk-appetite-statement-2024/","200","410","","","0","OK","","","","","","","","","","","","","held → 410"
"/file/governance-and-senior-management/","200","410","","","0","OK","","","","","","","","","","","","","held → 410"
"/file/governance-for-effective-boards/","200","410","","","0","OK","","","","","","","","","","","","","held → 410"
"/file/governance-roles/","200","410","","","0","OK","","","","","","","","","","","","","held → 410"
"/file/governance-statement-on-authorities/","200","410","","","0","OK","","","","","","","","","","","","","held → 410"
"/file/governance/","200","410","","","0","OK","","","","","","","","","","","","","held → 410"
"/file/health-safety/","200","410","","","0","OK","","","","","","","","","","","","","held → 410"
"/file/information-security-policy/","200","410","","","0","OK","","","","","","","","","","","","","held → 410"
"/file/it-infrastructure/","200","410","","","0","OK","","","","","","","","","","","","","held → 410"
"/file/january-2023-marketing-overview/","200","410","","","0","OK","","","","","","","","","","","","","held → 410"
"/file/january-2023-monthly-loan-stat/","200","410","","","0","OK","","","","","","","","","","","","","held → 410"
"/file/january-2023-monthly-processing-stats/","200","410","","","0","OK","","","","","","","","","","","","","held → 410"
"/file/january-2023-monthly-report/","200","410","","","0","OK","","","","","","","","","","","","","held → 410"
"/file/july-2023-marketing-overview/","200","410","","","0","OK","","","","","","","","","","","","","held → 410"
"/file/july-2023-monthly-loan-stats/","200","410","","","0","OK","","","","","","","","","","","","","held → 410"
"/file/july-2023-monthly-processing-stats/","200","410","","","0","OK","","","","","","","","","","","","","held → 410"
"/file/july-2023-monthly-report/","200","410","","","0","OK","","","","","","","","","","","","","held → 410"
"/file/june-2023-marketing-overview/","200","410","","","0","OK","","","","","","","","","","","","","held → 410"
"/file/june-2023-monthly-loan-stats/","200","410","","","0","OK","","","","","","","","","","","","","held → 410"
"/file/june-2023-monthly-processing-stats/","200","410","","","0","OK","","","","","","","","","","","","","held → 410"
"/file/june-2023-monthly-report/","200","410","","","0","OK","","","","","","","","","","","","","held → 410"
"/file/liquidity-policy/","200","410","","","0","OK","","","","","","","","","","","","","held → 410"
"/file/loan-stats-april-2025/","200","410","","","0","OK","","","","","","","","","","","","","held → 410"
"/file/loan-stats-jan-2025/","200","410","","","0","OK","","","","","","","","","","","","","held → 410"
"/file/loan-stats-july-2024/","200","410","","","0","OK","","","","","","","","","","","","","held → 410"
"/file/loan-stats-march-2024/","200","410","","","0","OK","","","","","","","","","","","","","held → 410"
"/file/loan-stats-march-2025/","200","410","","","0","OK","","","","","","","","","","","","","held → 410"
"/file/loan-stats-october-2023/","200","410","","","0","OK","","","","","","","","","","","","","held → 410"
"/file/loans-policy/","200","410","","","0","OK","","","","","","","","","","","","","held → 410"
"/file/march-2023-marketing-overview/","200","410","","","0","OK","","","","","","","","","","","","","held → 410"
"/file/march-2023-monthly-loan-stats/","200","410","","","0","OK","","","","","","","","","","","","","held → 410"
"/file/march-2023-monthly-processing-stats/","200","410","","","0","OK","","","","","","","","","","","","","held → 410"
"/file/march-2023-monthly-report/","200","410","","","0","OK","","","","","","","","","","","","","held → 410"
"/file/marketing-overview-10/","200","410","","","0","OK","","","","","","","","","","","","","held → 410"
"/file/marketing-overview-11/","200","410","","","0","OK","","","","","","","","","","","","","held → 410"
"/file/marketing-overview-12/","200","410","","","0","OK","","","","","","","","","","","","","held → 410"
"/file/marketing-overview-13/","200","410","","","0","OK","","","","","","","","","","","","","held → 410"
"/file/marketing-overview-14/","200","410","","","0","OK","","","","","","","","","","","","","held → 410"
"/file/marketing-overview-15/","200","410","","","0","OK","","","","","","","","","","","","","held → 410"
"/file/marketing-overview-16/","200","410","","","0","OK","","","","","","","","","","","","","held → 410"
"/file/marketing-overview-17/","200","410","","","0","OK","","","","","","","","","","","","","held → 410"
"/file/marketing-overview-18/","200","410","","","0","OK","","","","","","","","","","","","","held → 410"
"/file/marketing-overview-19/","200","410","","","0","OK","","","","","","","","","","","","","held → 410"
"/file/marketing-overview-2/","200","410","","","0","OK","","","","","","","","","","","","","held → 410"
"/file/marketing-overview-20/","200","410","","","0","OK","","","","","","","","","","","","","held → 410"
"/file/marketing-overview-21/","200","410","","","0","OK","","","","","","","","","","","","","held → 410"
"/file/marketing-overview-22/","200","410","","","0","OK","","","","","","","","","","","","","held → 410"
"/file/marketing-overview-23/","200","410","","","0","OK","","","","","","","","","","","","","held → 410"
"/file/marketing-overview-24/","200","410","","","0","OK","","","","","","","","","","","","","held → 410"
"/file/marketing-overview-25/","200","410","","","0","OK","","","","","","","","","","","","","held → 410"
"/file/marketing-overview-26/","200","410","","","0","OK","","","","","","","","","","","","","held → 410"
"/file/marketing-overview-27/","200","410","","","0","OK","","","","","","","","","","","","","held → 410"
"/file/marketing-overview-28/","200","410","","","0","OK","","","","","","","","","","","","","held → 410"
"/file/marketing-overview-29/","200","410","","","0","OK","","","","","","","","","","","","","held → 410"
"/file/marketing-overview-3/","200","410","","","0","OK","","","","","","","","","","","","","held → 410"
"/file/marketing-overview-30/","200","410","","","0","OK","","","","","","","","","","","","","held → 410"
"/file/marketing-overview-31/","200","410","","","0","OK","","","","","","","","","","","","","held → 410"
"/file/marketing-overview-4/","200","410","","","0","OK","","","","","","","","","","","","","held → 410"
"/file/marketing-overview-5/","200","410","","","0","OK","","","","","","","","","","","","","held → 410"
"/file/marketing-overview-6/","200","410","","","0","OK","","","","","","","","","","","","","held → 410"
"/file/marketing-overview-7/","200","410","","","0","OK","","","","","","","","","","","","","held → 410"
"/file/marketing-overview-8/","200","410","","","0","OK","","","","","","","","","","","","","held → 410"
"/file/marketing-overview-9/","200","410","","","0","OK","","","","","","","","","","","","","held → 410"
"/file/marketing-overview/","200","410","","","0","OK","","","","","","","","","","","","","held → 410"
"/file/marketing-report-december-2023/","200","410","","","0","OK","","","","","","","","","","","","","held → 410"
"/file/marketing-report-february-2024/","200","410","","","0","OK","","","","","","","","","","","","","held → 410"
"/file/marketing-report-january-2024/","200","410","","","0","OK","","","","","","","","","","","","","held → 410"
"/file/maternity-paternity-adoption/","200","410","","","0","OK","","","","","","","","","","","","","held → 410"
"/file/may-2023-marketing-overview/","200","410","","","0","OK","","","","","","","","","","","","","held → 410"
"/file/may-2023-monthly-loan-stats/","200","410","","","0","OK","","","","","","","","","","","","","held → 410"
"/file/may-2023-monthly-processing-stats/","200","410","","","0","OK","","","","","","","","","","","","","held → 410"
"/file/may-2023-monthly-report/","200","410","","","0","OK","","","","","","","","","","","","","held → 410"
"/file/member-processing-statistics-october-2025/","200","410","","","0","OK","","","","","","","","","","","","","held → 410"
"/file/menopause/","200","410","","","0","OK","","","","","","","","","","","","","held → 410"
"/file/minutes-of-the-2023-agm/","200","410","","","0","OK","","","","","","","","","","","","","held → 410"
"/file/money-laundering-officers-report/","200","410","","","0","OK","","","","","","","","","","","","","held → 410"
"/file/monthly-loan-stats-april-2024/","200","410","","","0","OK","","","","","","","","","","","","","held → 410"
"/file/monthly-loan-stats-april-2026/","200","410","","","0","OK","","","","","","","","","","","","","held → 410"
"/file/monthly-loan-stats-august-2024/","200","410","","","0","OK","","","","","","","","","","","","","held → 410"
"/file/monthly-loan-stats-august-2025/","200","410","","","0","OK","","","","","","","","","","","","","held → 410"
"/file/monthly-loan-stats-august-2026/","200","410","","","0","OK","","","","","","","","","","","","","held → 410"
"/file/monthly-loan-stats-dec-2024/","200","410","","","0","OK","","","","","","","","","","","","","held → 410"
"/file/monthly-loan-stats-december-2023/","200","410","","","0","OK","","","","","","","","","","","","","held → 410"
"/file/monthly-loan-stats-december-2025/","200","410","","","0","OK","","","","","","","","","","","","","held → 410"
"/file/monthly-loan-stats-feb-2024/","200","410","","","0","OK","","","","","","","","","","","","","held → 410"
"/file/monthly-loan-stats-february-2026/","200","410","","","0","OK","","","","","","","","","","","","","held → 410"
"/file/monthly-loan-stats-jan-2024/","200","410","","","0","OK","","","","","","","","","","","","","held → 410"
"/file/monthly-loan-stats-january-2026/","200","410","","","0","OK","","","","","","","","","","","","","held → 410"
"/file/monthly-loan-stats-july-2025/","200","410","","","0","OK","","","","","","","","","","","","","held → 410"
"/file/monthly-loan-stats-july-2026/","200","410","","","0","OK","","","","","","","","","","","","","held → 410"
"/file/monthly-loan-stats-june-2024/","200","410","","","0","OK","","","","","","","","","","","","","held → 410"
"/file/monthly-loan-stats-june-2025/","200","410","","","0","OK","","","","","","","","","","","","","held → 410"
"/file/monthly-loan-stats-june-2026/","200","410","","","0","OK","","","","","","","","","","","","","held → 410"
"/file/monthly-loan-stats-march-2026/","200","410","","","0","OK","","","","","","","","","","","","","held → 410"
"/file/monthly-loan-stats-may-2024/","200","410","","","0","OK","","","","","","","","","","","","","held → 410"
"/file/monthly-loan-stats-may-2025/","200","410","","","0","OK","","","","","","","","","","","","","held → 410"
"/file/monthly-loan-stats-may-2026/","200","410","","","0","OK","","","","","","","","","","","","","held → 410"
"/file/monthly-loan-stats-nov-2023/","200","410","","","0","OK","","","","","","","","","","","","","held → 410"
"/file/monthly-loan-stats-nov-2024/","200","410","","","0","OK","","","","","","","","","","","","","held → 410"
"/file/monthly-loan-stats-november-2025/","200","410","","","0","OK","","","","","","","","","","","","","held → 410"
"/file/monthly-loan-stats-october-2024/","200","410","","","0","OK","","","","","","","","","","","","","held → 410"
"/file/monthly-loan-stats-october-2025/","200","410","","","0","OK","","","","","","","","","","","","","held → 410"
"/file/monthly-loan-stats-sep-2024/","200","410","","","0","OK","","","","","","","","","","","","","held → 410"
"/file/monthly-loan-stats-september-2025/","200","410","","","0","OK","","","","","","","","","","","","","held → 410"
"/file/monthly-loan-stats-september-2026/","200","410","","","0","OK","","","","","","","","","","","","","held → 410"
"/file/monthly-loan-stats/","200","410","","","0","OK","","","","","","","","","","","","","held → 410"
"/file/monthly-processing-stats-april-2024/","200","410","","","0","OK","","","","","","","","","","","","","held → 410"
"/file/monthly-processing-stats-april-2026/","200","410","","","0","OK","","","","","","","","","","","","","held → 410"
"/file/monthly-processing-stats-august-2024/","200","410","","","0","OK","","","","","","","","","","","","","held → 410"
"/file/monthly-processing-stats-august-2025/","200","410","","","0","OK","","","","","","","","","","","","","held → 410"
"/file/monthly-processing-stats-december-2024/","200","410","","","0","OK","","","","","","","","","","","","","held → 410"
"/file/monthly-processing-stats-december-2025/","200","410","","","0","OK","","","","","","","","","","","","","held → 410"
"/file/monthly-processing-stats-feb-2024/","200","410","","","0","OK","","","","","","","","","","","","","held → 410"
"/file/monthly-processing-stats-february-2026/","200","410","","","0","OK","","","","","","","","","","","","","held → 410"
"/file/monthly-processing-stats-jan-2024/","200","410","","","0","OK","","","","","","","","","","","","","held → 410"
"/file/monthly-processing-stats-january/","200","410","","","0","OK","","","","","","","","","","","","","held → 410"
"/file/monthly-processing-stats-july-2024/","200","410","","","0","OK","","","","","","","","","","","","","held → 410"
"/file/monthly-processing-stats-july-2025/","200","410","","","0","OK","","","","","","","","","","","","","held → 410"
"/file/monthly-processing-stats-july-2026/","200","410","","","0","OK","","","","","","","","","","","","","held → 410"
"/file/monthly-processing-stats-june-2024/","200","410","","","0","OK","","","","","","","","","","","","","held → 410"
"/file/monthly-processing-stats-june-2025/","200","410","","","0","OK","","","","","","","","","","","","","held → 410"
"/file/monthly-processing-stats-june-2026/","200","410","","","0","OK","","","","","","","","","","","","","held → 410"
"/file/monthly-processing-stats-march-2026/","200","410","","","0","OK","","","","","","","","","","","","","held → 410"
"/file/monthly-processing-stats-may-2024/","200","410","","","0","OK","","","","","","","","","","","","","held → 410"
"/file/monthly-processing-stats-may-2025/","200","410","","","0","OK","","","","","","","","","","","","","held → 410"
"/file/monthly-processing-stats-may-2026/","200","410","","","0","OK","","","","","","","","","","","","","held → 410"
"/file/monthly-processing-stats-nov-2023/","200","410","","","0","OK","","","","","","","","","","","","","held → 410"
"/file/monthly-processing-stats-nov-2024/","200","410","","","0","OK","","","","","","","","","","","","","held → 410"
"/file/monthly-processing-stats-november-2025/","200","410","","","0","OK","","","","","","","","","","","","","held → 410"
"/file/monthly-processing-stats-october-2024/","200","410","","","0","OK","","","","","","","","","","","","","held → 410"
"/file/monthly-processing-stats-october-2025/","200","410","","","0","OK","","","","","","","","","","","","","held → 410"
"/file/monthly-processing-stats-sep-2024/","200","410","","","0","OK","","","","","","","","","","","","","held → 410"
"/file/monthly-processing-stats-september-2025/","200","410","","","0","OK","","","","","","","","","","","","","held → 410"
"/file/monthly-processing-stats-september-2026/","200","410","","","0","OK","","","","","","","","","","","","","held → 410"
"/file/monthly-processing-stats/","200","410","","","0","OK","","","","","","","","","","","","","held → 410"
"/file/monthly-report-2/","200","410","","","0","OK","","","","","","","","","","","","","held → 410"
"/file/monthly-report-april-2025/","200","410","","","0","OK","","","","","","","","","","","","","held → 410"
"/file/monthly-report-april-2026/","200","410","","","0","OK","","","","","","","","","","","","","held → 410"
"/file/monthly-report-august-2024/","200","410","","","0","OK","","","","","","","","","","","","","held → 410"
"/file/monthly-report-august-2025/","200","410","","","0","OK","","","","","","","","","","","","","held → 410"
"/file/monthly-report-august-2026-2/","200","410","","","0","OK","","","","","","","","","","","","","held → 410"
"/file/monthly-report-august-2026/","200","410","","","0","OK","","","","","","","","","","","","","held → 410"
"/file/monthly-report-dec-2023-2/","200","410","","","0","OK","","","","","","","","","","","","","held → 410"
"/file/monthly-report-dec-2023/","200","410","","","0","OK","","","","","","","","","","","","","held → 410"
"/file/monthly-report-dec-2024/","200","410","","","0","OK","","","","","","","","","","","","","held → 410"
"/file/monthly-report-december-2025/","200","410","","","0","OK","","","","","","","","","","","","","held → 410"
"/file/monthly-report-feb-2024/","200","410","","","0","OK","","","","","","","","","","","","","held → 410"
"/file/monthly-report-february-2026/","200","410","","","0","OK","","","","","","","","","","","","","held → 410"
"/file/monthly-report-jan-2024/","200","410","","","0","OK","","","","","","","","","","","","","held → 410"
"/file/monthly-report-jan-2025/","200","410","","","0","OK","","","","","","","","","","","","","held → 410"
"/file/monthly-report-january-2026/","200","410","","","0","OK","","","","","","","","","","","","","held → 410"
"/file/monthly-report-july-2024/","200","410","","","0","OK","","","","","","","","","","","","","held → 410"
"/file/monthly-report-july-2025/","200","410","","","0","OK","","","","","","","","","","","","","held → 410"
"/file/monthly-report-july-2026/","200","410","","","0","OK","","","","","","","","","","","","","held → 410"
"/file/monthly-report-june-2024/","200","410","","","0","OK","","","","","","","","","","","","","held → 410"
"/file/monthly-report-june-2025/","200","410","","","0","OK","","","","","","","","","","","","","held → 410"
"/file/monthly-report-june-2026/","200","410","","","0","OK","","","","","","","","","","","","","held → 410"
"/file/monthly-report-march-2024-2/","200","410","","","0","OK","","","","","","","","","","","","","held → 410"
"/file/monthly-report-march-2024/","200","410","","","0","OK","","","","","","","","","","","","","held → 410"
"/file/monthly-report-march-2025/","200","410","","","0","OK","","","","","","","","","","","","","held → 410"
"/file/monthly-report-march-2026/","200","410","","","0","OK","","","","","","","","","","","","","held → 410"
"/file/monthly-report-may-2024/","200","410","","","0","OK","","","","","","","","","","","","","held → 410"
"/file/monthly-report-may-2025/","200","410","","","0","OK","","","","","","","","","","","","","held → 410"
"/file/monthly-report-may-2026/","200","410","","","0","OK","","","","","","","","","","","","","held → 410"
"/file/monthly-report-nov-2023/","200","410","","","0","OK","","","","","","","","","","","","","held → 410"
"/file/monthly-report-nov-2024/","200","410","","","0","OK","","","","","","","","","","","","","held → 410"
"/file/monthly-report-november-2025/","200","410","","","0","OK","","","","","","","","","","","","","held → 410"
"/file/monthly-report-october-2023/","200","410","","","0","OK","","","","","","","","","","","","","held → 410"
"/file/monthly-report-october-2024/","200","410","","","0","OK","","","","","","","","","","","","","held → 410"
"/file/monthly-report-sep-2024/","200","410","","","0","OK","","","","","","","","","","","","","held → 410"
"/file/monthly-report-september-2023/","200","410","","","0","OK","","","","","","","","","","","","","held → 410"
"/file/monthly-report-september-2025/","200","410","","","0","OK","","","","","","","","","","","","","held → 410"
"/file/monthly-report/","200","410","","","0","OK","","","","","","","","","","","","","held → 410"
"/file/organisational-chart/","200","410","","","0","OK","","","","","","","","","","","","","held → 410"
"/file/privacy-policy/","200","410","","","0","OK","","","","","","","","","","","","","held → 410"
"/file/prizesaver-termsandconditions/","200","410","","","0","OK","","","","","","","","","","","","","held → 410"
"/file/processing-stats-april-2025/","200","410","","","0","OK","","","","","","","","","","","","","held → 410"
"/file/processing-stats-jan-2025/","200","410","","","0","OK","","","","","","","","","","","","","held → 410"
"/file/processing-stats-march-2025/","200","410","","","0","OK","","","","","","","","","","","","","held → 410"
"/file/processing-stats-october-2023/","200","410","","","0","OK","","","","","","","","","","","","","held → 410"
"/file/redundancy/","200","410","","","0","OK","","","","","","","","","","","","","held → 410"
"/file/responsibility-of-directors/","200","410","","","0","OK","","","","","","","","","","","","","held → 410"
"/file/retaining-archiving-records/","200","410","","","0","OK","","","","","","","","","","","","","held → 410"
"/file/risk-appetite-statements-2025/","200","410","","","0","OK","","","","","","","","","","","","","held → 410"
"/file/risk-key-area-summary/","200","410","","","0","OK","","","","","","","","","","","","","held → 410"
"/file/risk-management-framework/","200","410","","","0","OK","","","","","","","","","","","","","held → 410"
"/file/scv-procedure/","200","410","","","0","OK","","","","","","","","","","","","","held → 410"
"/file/senior-manager-handover-policy/","200","410","","","0","OK","","","","","","","","","","","","","held → 410"
"/file/september-2023-marketing-overview/","200","410","","","0","OK","","","","","","","","","","","","","held → 410"
"/file/smcr-policy/","200","410","","","0","OK","","","","","","","","","","","","","held → 410"
"/file/supervisor-report/","200","410","","","0","OK","","","","","","","","","","","","","held → 410"
"/file/supervisory-internal-audit/","200","410","","","0","OK","","","","","","","","","","","","","held → 410"
"/file/tcu-rule-book-final-fsa-approved/","200","410","","","0","OK","","","","","","","","","","","","","held → 410"
"/file/the-role-of-the-board/","200","410","","","0","OK","","","","","","","","","","","","","held → 410"
"/file/the-role-of-the-ceo/","200","410","","","0","OK","","","","","","","","","","","","","held → 410"
"/file/the-role-of-the-chair-of-the-board-2/","200","410","","","0","OK","","","","","","","","","","","","","held → 410"
"/file/the-role-of-the-treasurer/","200","410","","","0","OK","","","","","","","","","","","","","held → 410"
"/file/third-party-due-diligence-policy/","200","410","","","0","OK","","","","","","","","","","","","","held → 410"
"/file/training-competence-framework/","200","410","","","0","OK","","","","","","","","","","","","","held → 410"
"/file/treasurers-report/","200","410","","","0","OK","","","","","","","","","","","","","held → 410"
"/file/treasury-management-policy/","200","410","","","0","OK","","","","","","","","","","","","","held → 410"
"/file/treating-members-fairly/","200","410","","","0","OK","","","","","","","","","","","","","held → 410"
"/file/vulnerable-customers-policy/","200","410","","","0","OK","","","","","","","","","","","","","held → 410"
"/file/vulnerable-members/","200","410","","","0","OK","","","","","","","","","","","","","held → 410"
"/file/whistleblowing-policy/","200","410","","","0","OK","","","","","","","","","","","","","held → 410"
"/filter-files-sitemap.xml","200","301","/sitemap_index.xml","/sitemap_index.xml","1","OK","","","","","","","","","","","","",""
"/filter/annual-audited-accounts/","200","410","","","0","OK","","","","","","","","","","","","","held → 410"
"/filter/annual-report/","200","410","","","0","OK","","","","","","","","","","","","","held → 410"
"/filter/april-2023/","200","410","","","0","OK","","","","","","","","","","","","","held → 410"
"/filter/april-2024/","200","410","","","0","OK","","","","","","","","","","","","","held → 410"
"/filter/april-2025/","200","410","","","0","OK","","","","","","","","","","","","","held → 410"
"/filter/april-2026/","200","410","","","0","OK","","","","","","","","","","","","","held → 410"
"/filter/august-2023/","200","410","","","0","OK","","","","","","","","","","","","","held → 410"
"/filter/august-2024/","200","410","","","0","OK","","","","","","","","","","","","","held → 410"
"/filter/august-2025/","200","410","","","0","OK","","","","","","","","","","","","","held → 410"
"/filter/august-2026/","200","410","","","0","OK","","","","","","","","","","","","","held → 410"
"/filter/board-minutes/","200","410","","","0","OK","","","","","","","","","","","","","held → 410"
"/filter/board-minutes/page/2/","200","410","","","0","OK","","","","","","","","","","","","","held → 410"
"/filter/budget/","200","410","","","0","OK","","","","","","","","","","","","","held → 410"
"/filter/business-plan/","200","410","","","0","OK","","","","","","","","","","","","","held → 410"
"/filter/business-policies/","200","410","","","0","OK","","","","","","","","","","","","","held → 410"
"/filter/december-2023/","200","410","","","0","OK","","","","","","","","","","","","","held → 410"
"/filter/december-2024/","200","410","","","0","OK","","","","","","","","","","","","","held → 410"
"/filter/december-2025-monthly-reports/","200","410","","","0","OK","","","","","","","","","","","","","held → 410"
"/filter/employee-policies/","200","410","","","0","OK","","","","","","","","","","","","","held → 410"
"/filter/february-2023/","200","410","","","0","OK","","","","","","","","","","","","","held → 410"
"/filter/february-2024/","200","410","","","0","OK","","","","","","","","","","","","","held → 410"
"/filter/february-2025/","200","410","","","0","OK","","","","","","","","","","","","","held → 410"
"/filter/february-2026/","200","410","","","0","OK","","","","","","","","","","","","","held → 410"
"/filter/governance/","200","410","","","0","OK","","","","","","","","","","","","","held → 410"
"/filter/governance/page/2/","200","410","","","0","OK","","","","","","","","","","","","","held → 410"
"/filter/january-2023/","200","410","","","0","OK","","","","","","","","","","","","","held → 410"
"/filter/january-2024/","200","410","","","0","OK","","","","","","","","","","","","","held → 410"
"/filter/january-2025/","200","410","","","0","OK","","","","","","","","","","","","","held → 410"
"/filter/january-2026-monthly-reports/","200","410","","","0","OK","","","","","","","","","","","","","held → 410"
"/filter/july-2023/","200","410","","","0","OK","","","","","","","","","","","","","held → 410"
"/filter/july-2024/","200","410","","","0","OK","","","","","","","","","","","","","held → 410"
"/filter/july-2025/","200","410","","","0","OK","","","","","","","","","","","","","held → 410"
"/filter/july2026-monthly-reports/","200","410","","","0","OK","","","","","","","","","","","","","held → 410"
"/filter/june-2023/","200","410","","","0","OK","","","","","","","","","","","","","held → 410"
"/filter/june-2024/","200","410","","","0","OK","","","","","","","","","","","","","held → 410"
"/filter/june-2025/","200","410","","","0","OK","","","","","","","","","","","","","held → 410"
"/filter/june-2026/","200","410","","","0","OK","","","","","","","","","","","","","held → 410"
"/filter/march-2023/","200","410","","","0","OK","","","","","","","","","","","","","held → 410"
"/filter/march-2024/","200","410","","","0","OK","","","","","","","","","","","","","held → 410"
"/filter/march-2025/","200","410","","","0","OK","","","","","","","","","","","","","held → 410"
"/filter/march-2026/","200","410","","","0","OK","","","","","","","","","","","","","held → 410"
"/filter/may-2023/","200","410","","","0","OK","","","","","","","","","","","","","held → 410"
"/filter/may-2024/","200","410","","","0","OK","","","","","","","","","","","","","held → 410"
"/filter/may-2025/","200","410","","","0","OK","","","","","","","","","","","","","held → 410"
"/filter/may-2026/","200","410","","","0","OK","","","","","","","","","","","","","held → 410"
"/filter/monthly-reports/","200","410","","","0","OK","","","","","","","","","","","","","held → 410"
"/filter/monthly-reports/page/2/","200","410","","","0","OK","","","","","","","","","","","","","held → 410"
"/filter/monthly-reports/page/23/","200","410","","","0","OK","","","","","","","","","","","","","held → 410"
"/filter/monthly-reports/page/3/","200","410","","","0","OK","","","","","","","","","","","","","held → 410"
"/filter/monthly-reports/page/4/","200","410","","","0","OK","","","","","","","","","","","","","held → 410"
"/filter/monthly-reports/page/5/","200","410","","","0","OK","","","","","","","","","","","","","held → 410"
"/filter/monthly-reports/page/6/","200","410","","","0","OK","","","","","","","","","","","","","held → 410"
"/filter/november-2023/","200","410","","","0","OK","","","","","","","","","","","","","held → 410"
"/filter/november-2024/","200","410","","","0","OK","","","","","","","","","","","","","held → 410"
"/filter/november-2025/","200","410","","","0","OK","","","","","","","","","","","","","held → 410"
"/filter/october-2023/","200","410","","","0","OK","","","","","","","","","","","","","held → 410"
"/filter/october-2024/","200","410","","","0","OK","","","","","","","","","","","","","held → 410"
"/filter/october-2025/","200","410","","","0","OK","","","","","","","","","","","","","held → 410"
"/filter/policies/","200","410","","","0","OK","","","","","","","","","","","","","held → 410"
"/filter/policies/page/2/","200","410","","","0","OK","","","","","","","","","","","","","held → 410"
"/filter/policies/page/3/","200","410","","","0","OK","","","","","","","","","","","","","held → 410"
"/filter/policies/page/4/","200","410","","","0","OK","","","","","","","","","","","","","held → 410"
"/filter/policies/page/5/","200","410","","","0","OK","","","","","","","","","","","","","held → 410"
"/filter/policies/page/6/","200","410","","","0","OK","","","","","","","","","","","","","held → 410"
"/filter/policies/page/7/","200","410","","","0","OK","","","","","","","","","","","","","held → 410"
"/filter/september-2023/","200","410","","","0","OK","","","","","","","","","","","","","held → 410"
"/filter/september-2024/","200","410","","","0","OK","","","","","","","","","","","","","held → 410"
"/filter/september-2025/","200","410","","","0","OK","","","","","","","","","","","","","held → 410"
"/filter/september-2026/","200","410","","","0","OK","","","","","","","","","","","","","held → 410"
"/filter/tips","404","301","/filter/tips/","","1","OK","","","","","","","","","","","","","now redirects → /filter/tips/"
"/five-financial-goals-next-financial-year","301","301","/five-financial-goals-next-financial-year/","/five-financial-goals-next-financial-year/","1","OK","","","","","","","","","","","","",""
"/five-financial-goals-next-financial-year/","200","200","","","0","OK","true","true","true","true","true","Article|WebPage|ImageObject|BreadcrumbList|WebSite|Person","Article|BreadcrumbList|FinancialService|ImageObject|Organization|Person|WebPage|WebSite","874","874","0.0","34","34",""
"/gmb-credit-union-prize-draw/","200","200","","","0","OK","true","true","true","true","true","WebPage|BreadcrumbList|WebSite","BreadcrumbList|FinancialService|Organization|WebPage|WebSite","774","775","0.1","26","26",""
"/gmbcu-members-prize-draw","301","301","/gmb-credit-union-prize-draw/","/gmb-credit-union-prize-draw/","1","OK","","","","","","","","","","","","",""
"/gmbcu-members-prize-draw/","301","301","/gmb-credit-union-prize-draw/","/gmb-credit-union-prize-draw/","1","OK","","","","","","","","","","","","",""
"/help-your-children-form-good-money-habits/","200","200","","","0","OK","true","true","true","true","true","Article|WebPage|ImageObject|BreadcrumbList|WebSite|Person","Article|BreadcrumbList|FinancialService|ImageObject|Organization|Person|WebPage|WebSite","687","687","0.0","27","27",""
"/heres-why-you-should-teach-your-children-how-to-manage-their-money-this-summer/","200","200","","","0","OK","true","true","true","true","true","Article|WebPage|ImageObject|BreadcrumbList|WebSite|Person","Article|BreadcrumbList|FinancialService|ImageObject|Organization|Person|WebPage|WebSite","889","889","0.0","26","26",""
"/home","301","301","/","/","1","OK","","","","","","","","","","","","",""
"/how-and-why-help-your-children-form-good-money-habits","301","301","/help-your-children-form-good-money-habits/","/help-your-children-form-good-money-habits/","1","OK","","","","","","","","","","","","",""
"/how-build-or-improve-your-credit-score/","200","200","","","0","OK","true","true","true","true","true","Article|WebPage|ImageObject|BreadcrumbList|WebSite|Person","Article|BreadcrumbList|FinancialService|ImageObject|Organization|Person|WebPage|WebSite","1350","1350","0.0","32","29",""
"/how-check-your-credit-score-free","301","301","/how-check-your-credit-score-free/","/how-check-your-credit-score-free/","1","OK","","","","","","","","","","","","",""
"/how-check-your-credit-score-free/","200","200","","","0","OK","true","true","true","true","true","Article|WebPage|ImageObject|BreadcrumbList|WebSite|Person","Article|BreadcrumbList|FinancialService|ImageObject|Organization|Person|WebPage|WebSite","539","539","0.0","28","27",""
"/how-did-our-members-get-involved-us/","200","200","","","0","OK","true","true","true","true","true","Article|WebPage|ImageObject|BreadcrumbList|WebSite|Person","Article|BreadcrumbList|FinancialService|ImageObject|Organization|Person|WebPage|WebSite","89","89","0.0","26","26",""
"/how-financial-problems-affect-your-mental-health","301","301","/how-financial-problems-affect-your-mental-health/","/how-financial-problems-affect-your-mental-health/","1","OK","","","","","","","","","","","","",""
"/how-financial-problems-affect-your-mental-health/","200","200","","","0","OK","true","true","true","true","true","Article|WebPage|ImageObject|BreadcrumbList|WebSite|Person","Article|BreadcrumbList|FinancialService|ImageObject|Organization|Person|WebPage|WebSite","1261","1261","0.0","26","26",""
"/how-recognise-and-avoid-most-common-finance-scams","301","301","/how-recognise-and-avoid-most-common-finance-scams/","/how-recognise-and-avoid-most-common-finance-scams/","1","OK","","","","","","","","","","","","",""
"/how-recognise-and-avoid-most-common-finance-scams/","200","200","","","0","OK","true","true","true","true","true","Article|WebPage|ImageObject|BreadcrumbList|WebSite|Person","Article|BreadcrumbList|FinancialService|ImageObject|Organization|Person|WebPage|WebSite","1248","1248","0.0","28","28",""
"/how-to-get-involved-in-the-gmb-credit-union/","200","200","","","0","OK","true","true","true","true","true","Article|WebPage|ImageObject|BreadcrumbList|WebSite|Person","Article|BreadcrumbList|FinancialService|ImageObject|Organization|Person|WebPage|WebSite","749","749","0.0","26","26",""
"/humans.txt","200","200","","","0","OK","","","","","","","","","","","","",""
"/importance-understanding-ivas","301","301","/importance-understanding-ivas/","/importance-understanding-ivas/","1","OK","","","","","","","","","","","","",""
"/importance-understanding-ivas/","200","200","","","0","OK","true","true","true","true","true","Article|WebPage|ImageObject|BreadcrumbList|WebSite|Person","Article|BreadcrumbList|FinancialService|ImageObject|Organization|Person|WebPage|WebSite","1326","1326","0.0","28","28",""
"/index.php/","301","301","/","/","1","OK","","","","","","","","","","","","",""
"/index.php/2021-agm-summary","301","301","/our-blog/","/our-blog/","1","OK","","","","","","","","","","","","",""
"/index.php/about-us","301","301","/about-us/","/about-us/","1","OK","","","","","","","","","","","","",""
"/index.php/contact-us","301","301","/contact-us/","/contact-us/","1","OK","","","","","","","","","","","","",""
"/index.php/creditview","301","301","/","/","1","OK","","","","","","","","","","","","",""
"/index.php/faqs","301","301","/faqs/","/faqs/","1","OK","","","","","","","","","","","","",""
"/index.php/filter/tips","301","301","/","/filter/tips","1","OK","","","","","","","","","","","","",""
"/index.php/gmbcu-members-prize-draw","301","301","/gmb-credit-union-prize-draw/","/gmb-credit-union-prize-draw/","1","OK","","","","","","","","","","","","",""
"/index.php/how-financial-problems-affect-your-mental-health","301","301","/how-financial-problems-affect-your-mental-health/","/how-financial-problems-affect-your-mental-health/","1","OK","","","","","","","","","","","","",""
"/index.php/loan-application","301","301","/loan-application-rejected-what-now/","/loan-application-rejected-what-now/","1","OK","","","","","","","","","","","","",""
"/index.php/loan-application-rejected-what-now","301","301","/loan-application-rejected-what-now/","/loan-application-rejected-what-now/","1","OK","","","","","","","","","","","","",""
"/index.php/loans","301","301","/loans/","/loans/","1","OK","","","","","","","","","","","","",""
"/index.php/member-saving-account-application","301","301","/savings/member-saver/","/savings/member-saver/","1","OK","","","","","","","","","","","","",""
"/index.php/nivo","301","301","/","/","1","OK","","","","","","","","","","","","",""
"/index.php/node","301","301","/","/","1","OK","","","","","","","","","","","","",""
"/index.php/node/21","301","301","/","/","1","OK","","","","","","","","","","","","",""
"/index.php/node/22","301","301","/","/","1","OK","","","","","","","","","","","","",""
"/index.php/node/23","301","301","/","/","1","OK","","","","","","","","","","","","",""
"/index.php/node/24","301","301","/","/","1","OK","","","","","","","","","","","","",""
"/index.php/node/28","301","301","/","/","1","OK","","","","","","","","","","","","",""
"/index.php/node/29","301","301","/","/","1","OK","","","","","","","","","","","","",""
"/index.php/node/38","301","301","/","/","1","OK","","","","","","","","","","","","",""
"/index.php/our-blog","301","301","/our-blog/","/our-blog/","1","OK","","","","","","","","","","","","",""
"/index.php/privacy-policy","301","301","/privacy-policy/","/privacy-policy/","1","OK","","","","","","","","","","","","",""
"/index.php/savings-accounts","301","301","/savings/","/savings/","1","OK","","","","","","","","","","","","",""
"/index.php/useful-links","301","301","/resources/","/resources/","1","OK","","","","","","","","","","","","",""
"/index.php/user/login/","301","301","/","/","1","OK","","","","","","","","","","","","",""
"/index.php/user/logout/","301","301","/","/","1","OK","","","","","","","","","","","","",""
"/index.php/user/password/","301","301","/","/","1","OK","","","","","","","","","","","","",""
"/index.php/virtuous-circle","301","301","/virtuous-circle/","/virtuous-circle/","1","OK","","","","","","","","","","","","",""
"/join-gmbcu-get-25-and-a-chance-to-win-big/","200","200","","","0","OK","true","true","true","true","true","WebPage|BreadcrumbList|WebSite","BreadcrumbList|FinancialService|Organization|WebPage|WebSite","483","483","0.0","26","26",""
"/join-us-at-congress-2025/","200","200","","","0","OK","true","true","true","true","true","WebPage|BreadcrumbList|WebSite","BreadcrumbList|FinancialService|Organization|WebPage|WebSite","184","184","0.0","27","27",""
"/join-us-congress-2023/","200","200","","","0","OK","true","true","true","true","true","WebPage|BreadcrumbList|WebSite","BreadcrumbList|FinancialService|Organization|WebPage|WebSite","117","117","0.0","27","27",""
"/join-us-congress-2024/","200","200","","","0","OK","true","true","true","true","true","WebPage|BreadcrumbList|WebSite","BreadcrumbList|FinancialService|Organization|WebPage|WebSite","271","271","0.0","27","27",""
"/junior-saver-account-application","404","301","/savings/young-saver/","/savings/young-saver/","1","OK","","","","","","","","","","","","","now redirects → /savings/young-saver/"
"/lets-get-transparent-loan-interest-rates","301","301","/lets-get-transparent-loan-interest-rates/","/lets-get-transparent-loan-interest-rates/","1","OK","","","","","","","","","","","","",""
"/lets-get-transparent-loan-interest-rates/","200","200","","","0","OK","true","true","true","true","true","Article|WebPage|ImageObject|BreadcrumbList|WebSite|Person","Article|BreadcrumbList|FinancialService|ImageObject|Organization|Person|WebPage|WebSite","808","808","0.0","26","26",""
"/loan-application","301","301","/loan-application-rejected-what-now/","/loan-application-rejected-what-now/","1","OK","","","","","","","","","","","","",""
"/loan-application-rejected-what-now","301","301","/loan-application-rejected-what-now/","/loan-application-rejected-what-now/","1","OK","","","","","","","","","","","","",""
"/loan-application-rejected-what-now/","200","200","","","0","OK","true","true","true","true","true","Article|WebPage|ImageObject|BreadcrumbList|WebSite|Person","Article|BreadcrumbList|FinancialService|ImageObject|Organization|Person|WebPage|WebSite","1348","1347","-0.1","29","29",""
"/loans","301","301","/loans/","/loans/","1","OK","","","","","","","","","","","","",""
"/loans/","200","200","","","0","OK","true","true","true","true","true","WebPage|BreadcrumbList|WebSite","BreadcrumbList|FinancialService|Organization|WebPage|WebSite","659","652","-1.1","26","26",""
"/loans/consolidation-loan/","200","200","","","0","OK","true","true","true","true","true","WebPage|BreadcrumbList|WebSite","BreadcrumbList|FinancialService|LoanOrCredit|Organization|WebPage|WebSite","470","469","-0.2","26","26",""
"/loans/family-loan/","200","200","","","0","OK","true","true","true","true","true","WebPage|BreadcrumbList|WebSite","BreadcrumbList|FinancialService|LoanOrCredit|Organization|WebPage|WebSite","450","449","-0.2","26","26",""
"/loans/handy-loan/","200","200","","","0","OK","true","true","true","true","true","WebPage|BreadcrumbList|WebSite","BreadcrumbList|FinancialService|LoanOrCredit|Organization|WebPage|WebSite","392","391","-0.3","26","26",""
"/loans/member-loan/","200","200","","","0","OK","true","true","true","true","true","WebPage|BreadcrumbList|WebSite","BreadcrumbList|FinancialService|LoanOrCredit|Organization|WebPage|WebSite","359","358","-0.3","26","26",""
"/loans/save-borrow-loan/","200","200","","","0","OK","true","true","true","true","true","WebPage|BreadcrumbList|WebSite","BreadcrumbList|FinancialService|LoanOrCredit|Organization|WebPage|WebSite","460","459","-0.2","26","26",""
"/loans/savings-secured-loan/","200","200","","","0","OK","true","true","true","true","true","WebPage|BreadcrumbList|WebSite","BreadcrumbList|FinancialService|LoanOrCredit|Organization|WebPage|WebSite","439","438","-0.2","26","26",""
"/loans/starter-loan/","200","200","","","0","OK","true","true","true","true","true","WebPage|BreadcrumbList|WebSite","BreadcrumbList|FinancialService|LoanOrCredit|Organization|WebPage|WebSite","349","348","-0.3","26","26",""
"/loans/top-up-loan/","200","200","","","0","OK","true","true","true","true","true","WebPage|BreadcrumbList|WebSite","BreadcrumbList|FinancialService|LoanOrCredit|Organization|WebPage|WebSite","356","355","-0.3","26","26",""
"/managing-your-money-with-your-credit-union/","200","200","","","0","OK","true","true","true","true","true","Article|WebPage|ImageObject|BreadcrumbList|WebSite|Person","Article|BreadcrumbList|FinancialService|ImageObject|Organization|Person|WebPage|WebSite","818","818","0.0","30","30",""
"/media/AGM-Agenda-2024-2.pdf","200","200","","","0","OK","","","","","","","","","","","","",""
"/media/AGM-Agenda-2025.pdf","200","200","","","0","OK","","","","","","","","","","","","",""
"/media/AGM-Agenda-2026-1.pdf","200","200","","","0","OK","","","","","","","","","","","","",""
"/media/Anti-Money-Laundering-Reporting-Officer-2023-AGM-2024.pdf","200","200","","","0","OK","","","","","","","","","","","","",""
"/media/Anti-Money-Laundering-Reporting-Officer-2024-AGM-2025.pdf","200","200","","","0","OK","","","","","","","","","","","","",""
"/media/Board-of-Directors-Report-AGM-2024.pdf","200","200","","","0","OK","","","","","","","","","","","","",""
"/media/Complaints-Director-Report-AGM-2024.pdf","200","200","","","0","OK","","","","","","","","","","","","",""
"/media/CU-Save-Header-RGB-LOTTIE2.json","200","200","","","0","OK","","","","","","","","","","","","",""
"/media/Friends-of-GMBCU-Prize-Draw-Report-2024.pdf","200","200","","","0","OK","","","","","","","","","","","","",""
"/media/GMB-Credit-Union-Annual-Report-2025.pdf","200","200","","","0","OK","","","","","","","","","","","","",""
"/media/GMBCU-Annual-Report-2023-1.pdf","200","200","","","0","OK","","","","","","","","","","","","",""
"/media/GMBCU-Annual-Report-2024-4-compressed.pdf","200","200","","","0","OK","","","","","","","","","","","","",""
"/media/GMBCU-Annual-Report-2025-AGM-2026-3.pdf","200","200","","","0","OK","","","","","","","","","","","","",""
"/media/GMBCU-Annual-Report-2025-compressed.pdf","200","200","","","0","OK","","","","","","","","","","","","",""
"/media/GMBCU-Board-of-Directors-Report-2025-AGM-2026.pdf","200","200","","","0","OK","","","","","","","","","","","","",""
"/media/GMBCU-Board-of-Directors-Report-AGM-2025.pdf","200","200","","","0","OK","","","","","","","","","","","","",""
"/media/GMBCU-Complaints-Officer-Report-2024-AGM-2025.pdf","200","200","","","0","OK","","","","","","","","","","","","",""
"/media/GMBCU-Complaints-Officer-Report-2025-AGM-2026.pdf","200","200","","","0","OK","","","","","","","","","","","","",""
"/media/GMBCU-Friends-of-GMBCU-Prize-Draw-2025.pdf","200","200","","","0","OK","","","","","","","","","","","","",""
"/media/GMBCU-Friends-of-GMBCU-Prize-Draw-2026.pdf","200","200","","","0","OK","","","","","","","","","","","","",""
"/media/GMBCU-Loan-TCs-1.pdf","200","200","","","0","OK","","","","","","","","","","","","",""
"/media/GMBCU-Loan-TCs.pdf","200","200","","","0","OK","","","","","","","","","","","","",""
"/media/GMBCU-Member-Hub-Guide.pdf","200","200","","","0","OK","","","","","","","","","","","","",""
"/media/GMBCU-Supervisory-Report-2025-AGM-2026.pdf","200","200","","","0","OK","","","","","","","","","","","","",""
"/media/GMBCU-Supervisory-Report-AGM-2024-1.pdf","200","200","","","0","OK","","","","","","","","","","","","",""
"/media/GMBCU-Supervisory-Report-AGM-2025.pdf","200","200","","","0","OK","","","","","","","","","","","","",""
"/media/Minutes-of-2023-AGM-2024.pdf","200","200","","","0","OK","","","","","","","","","","","","",""
"/media/Minutes-of-2024-AGM-2025.pdf","200","200","","","0","OK","","","","","","","","","","","","",""
"/media/Minutes-of-2025-AGM-2026.pdf","200","200","","","0","OK","","","","","","","","","","","","",""
"/media/PrizeSaver-Terms-Conditions-Hans-info-1.pdf","200","200","","","0","OK","","","","","","","","","","","","",""
"/media/Treasurers-Report-2023-AGM-2024.pdf","200","200","","","0","OK","","","","","","","","","","","","",""
"/media/Treasurers-Report-2024-AGM-2025.pdf","200","200","","","0","OK","","","","","","","","","","","","",""
"/media/Treasurers-Report-2025-AGM-2026.pdf","200","200","","","0","OK","","","","","","","","","","","","",""
"/meet-dennis-member-case-study","301","301","/meet-dennis-member-case-study/","/meet-dennis-member-case-study/","1","OK","","","","","","","","","","","","",""
"/meet-dennis-member-case-study/","200","200","","","0","OK","true","true","true","true","true","Article|WebPage|ImageObject|BreadcrumbList|WebSite|Person","Article|BreadcrumbList|FinancialService|ImageObject|Organization|Person|WebPage|WebSite","1056","1056","0.0","28","28",""
"/meet-gary-member-case-study/","200","200","","","0","OK","true","true","true","true","true","Article|WebPage|ImageObject|BreadcrumbList|WebSite|Person","Article|BreadcrumbList|FinancialService|ImageObject|Organization|Person|WebPage|WebSite","753","753","0.0","26","26",""
"/member-hub-faqs/","200","200","","","0","OK","true","true","true","true","true","WebPage|BreadcrumbList|WebSite","BreadcrumbList|FAQPage|FinancialService|Organization|WebPage|WebSite","374","374","0.0","28","27",""
"/member-saving-account-application","404","301","/member-saving-account-application/","","1","OK","","","","","","","","","","","","","now redirects → /member-saving-account-application/"
"/members-saver-accounts/","200","200","","","0","OK","true","true","true","true","true","Article|WebPage|ImageObject|BreadcrumbList|WebSite|Person","Article|BreadcrumbList|FinancialService|ImageObject|Organization|Person|WebPage|WebSite","832","832","0.0","27","27",""
"/money-navigator","301","301","/resources/member-helper/","/resources/member-helper/","1","OK","","","","","","","","","","","","",""
"/money-talk-kids-why-you-need-start-your-childrens-financial-education-now/","301","301","/childrens-financial-education/","/childrens-financial-education/","1","OK","","","","","","","","","","","","",""
"/navigating-financial-storm-how-we-can-help","301","301","/navigating-financial-storm-how-we-can-help/","/navigating-financial-storm-how-we-can-help/","1","OK","","","","","","","","","","","","",""
"/navigating-financial-storm-how-we-can-help/","200","200","","","0","OK","true","true","true","true","true","Article|WebPage|ImageObject|BreadcrumbList|WebSite|Person","Article|BreadcrumbList|FinancialService|ImageObject|Organization|Person|WebPage|WebSite","875","875","0.0","32","32",""
"/news/","404","404","","","0","OK","","","","","","","","","","","","","still 404 (expected)"
"/nivo","404","301","/nivo/","","1","OK","","","","","","","","","","","","","now redirects → /nivo/"
"/node","404","301","/node/","","1","OK","","","","","","","","","","","","","now redirects → /node/"
"/node/21","404","301","/node/21/","","1","OK","","","","","","","","","","","","","now redirects → /node/21/"
"/node/22","404","301","/node/22/","","1","OK","","","","","","","","","","","","","now redirects → /node/22/"
"/node/23","404","301","/node/23/","","1","OK","","","","","","","","","","","","","now redirects → /node/23/"
"/node/24","404","301","/node/24/","","1","OK","","","","","","","","","","","","","now redirects → /node/24/"
"/node/28","404","301","/node/28/","","1","OK","","","","","","","","","","","","","now redirects → /node/28/"
"/node/29","404","301","/node/29/","","1","OK","","","","","","","","","","","","","now redirects → /node/29/"
"/node/38","404","301","/node/38/","","1","OK","","","","","","","","","","","","","now redirects → /node/38/"
"/one-year-members-prize-draw","301","301","/one-year-members-prize-draw/","/one-year-members-prize-draw/","1","OK","","","","","","","","","","","","",""
"/one-year-members-prize-draw/","200","200","","","0","OK","true","true","true","true","true","Article|WebPage|ImageObject|BreadcrumbList|WebSite|Person","Article|BreadcrumbList|FinancialService|ImageObject|Organization|Person|WebPage|WebSite","1346","1346","0.0","26","26",""
"/options-dealing-debt","301","301","/options-dealing-debt/","/options-dealing-debt/","1","OK","","","","","","","","","","","","",""
"/options-dealing-debt/","200","200","","","0","OK","true","true","true","true","true","Article|WebPage|ImageObject|BreadcrumbList|WebSite|Person","Article|BreadcrumbList|FinancialService|ImageObject|Organization|Person|WebPage|WebSite","1411","1411","0.0","28","28",""
"/our-blog","301","301","/our-blog/","/our-blog/","1","OK","","","","","","","","","","","","",""
"/our-blog/","200","200","","","0","OK","true","true","true","true","true","WebPage|CollectionPage|BreadcrumbList|WebSite","BreadcrumbList|CollectionPage|FinancialService|Organization|WebPage|WebSite","285","285","0.0","40","40",""
"/our-blog/feed/","200","200","","(serve RSS)","0","OK","","","","","","","","","","","","",""
"/our-blog/page/2/","200","200","","","0","OK","true","true","true","true","true","WebPage|CollectionPage|BreadcrumbList|WebSite","BreadcrumbList|CollectionPage|FinancialService|Organization|WebPage|WebSite","303","303","0.0","40","39",""
"/our-blog/page/3/","200","200","","","0","OK","true","true","true","true","true","WebPage|CollectionPage|BreadcrumbList|WebSite","BreadcrumbList|CollectionPage|FinancialService|Organization|WebPage|WebSite","300","300","0.0","40","39",""
"/our-blog/page/4/","200","200","","","0","OK","true","true","true","true","true","WebPage|CollectionPage|BreadcrumbList|WebSite","BreadcrumbList|CollectionPage|FinancialService|Organization|WebPage|WebSite","293","293","0.0","40","39",""
"/our-blog/page/5/","200","200","","","0","OK","true","true","true","true","true","WebPage|CollectionPage|BreadcrumbList|WebSite","BreadcrumbList|CollectionPage|FinancialService|Organization|WebPage|WebSite","293","294","0.3","40","39",""
"/our-blog/page/6/","200","200","","","0","OK","true","true","true","true","true","WebPage|CollectionPage|BreadcrumbList|WebSite","BreadcrumbList|CollectionPage|FinancialService|Organization|WebPage|WebSite","307","305","-0.7","40","39",""
"/our-blog/page/7/","200","200","","","0","OK","true","true","true","true","true","WebPage|CollectionPage|BreadcrumbList|WebSite","BreadcrumbList|CollectionPage|FinancialService|Organization|WebPage|WebSite","303","306","1.0","40","39",""
"/our-blog/page/8/","200","200","","","0","FAIL","true","true","true","true","true","WebPage|CollectionPage|BreadcrumbList|WebSite","BreadcrumbList|CollectionPage|FinancialService|Organization|WebPage|WebSite","289","260","-10.0","39","38","words 289→260"
"/our-enhanced-member-loans-explained","301","301","/our-enhanced-member-loans-explained/","/our-enhanced-member-loans-explained/","1","OK","","","","","","","","","","","","",""
"/our-enhanced-member-loans-explained/","200","200","","","0","OK","true","true","true","true","true","Article|WebPage|ImageObject|BreadcrumbList|WebSite|Person","Article|BreadcrumbList|FinancialService|ImageObject|Organization|Person|WebPage|WebSite","1576","1576","0.0","28","27",""
"/overdraft-fees-are-changing","301","301","/overdraft-fees-are-changing/","/overdraft-fees-are-changing/","1","OK","","","","","","","","","","","","",""
"/overdraft-fees-are-changing/","200","200","","","0","OK","true","true","true","true","true","Article|WebPage|ImageObject|BreadcrumbList|WebSite|Person","Article|BreadcrumbList|FinancialService|ImageObject|Organization|Person|WebPage|WebSite","696","696","0.0","26","26",""
"/page-sitemap.xml","200","200","","","0","OK","","","","","","","","","","","","",""
"/page/2/","200","301","/","/","1","OK","","","","","","","","","","","","","planned 301 → /"
"/post_tag-sitemap.xml","200","301","/sitemap_index.xml","","1","OK","","","","","","","","","","","","",""
"/post-sitemap.xml","200","200","","","0","OK","","","","","","","","","","","","",""
"/privacy-policy","301","301","/privacy-policy/","/privacy-policy/","1","OK","","","","","","","","","","","","",""
"/privacy-policy/","200","200","","","0","OK","true","true","true","true","true","WebPage|BreadcrumbList|WebSite","BreadcrumbList|FinancialService|Organization|WebPage|WebSite","1866","1866","0.0","26","26",""
"/resources/","200","200","","","0","OK","true","true","true","true","true","WebPage|BreadcrumbList|WebSite","BreadcrumbList|FinancialService|Organization|WebPage|WebSite","280","277","-1.1","31","31",""
"/resources/member-helper/","200","200","","","0","OK","true","true","true","true","true","WebPage|BreadcrumbList|WebSite","BreadcrumbList|FinancialService|Organization|WebPage|WebSite","302","302","0.0","30","30",""
"/resources/member-helper/benefit-calculator/","200","200","","","0","OK","true","true","true","true","true","WebPage|BreadcrumbList|WebSite","BreadcrumbList|FinancialService|Organization|WebPage|WebSite","4","6","50.0","26","26",""
"/resources/member-helper/budget-planner/","200","200","","","0","OK","true","true","true","true","true","WebPage|BreadcrumbList|WebSite","BreadcrumbList|FinancialService|Organization|WebPage|WebSite","6","6","0.0","26","26",""
"/resources/member-helper/budget-planner/,","301","301","/resources/member-helper/budget-planner/","/resources/member-helper/budget-planner/","1","OK","","","","","","","","","","","","",""
"/resources/member-helper/debt-advice-locator/","200","200","","","0","OK","true","true","true","true","true","WebPage|BreadcrumbList|WebSite","BreadcrumbList|FinancialService|Organization|WebPage|WebSite","13","13","0.0","26","26",""
"/retail-therapy-or-financial-trap-the-real-reason-we-overspend/","200","200","","","0","OK","true","true","true","true","true","Article|WebPage|ImageObject|BreadcrumbList|WebSite|Person","Article|BreadcrumbList|FinancialService|ImageObject|Organization|Person|WebPage|WebSite","1119","1119","0.0","27","27",""
"/robots.txt","200","200","","","0","OK","","","","","","","","","","","","",""
"/save-now-spend-later","301","301","/save-now-spend-later/","/save-now-spend-later/","1","OK","","","","","","","","","","","","",""
"/save-now-spend-later/","200","200","","","0","OK","true","true","true","true","true","Article|WebPage|ImageObject|BreadcrumbList|WebSite|Person","Article|BreadcrumbList|FinancialService|ImageObject|Organization|Person|WebPage|WebSite","794","794","0.0","26","26",""
"/saving-money-for-life-events/","200","200","","","0","OK","true","true","true","true","true","Article|WebPage|ImageObject|BreadcrumbList|WebSite|Person","Article|BreadcrumbList|FinancialService|ImageObject|Organization|Person|WebPage|WebSite","1080","1075","-0.5","29","29",""
"/savings-accounts","301","301","/savings/","/savings/","1","OK","","","","","","","","","","","","",""
"/savings/","200","200","","","0","OK","true","true","true","true","true","WebPage|BreadcrumbList|WebSite","BreadcrumbList|FinancialService|Organization|WebPage|WebSite","673","668","-0.7","26","26",""
"/savings/365-saver/","200","200","","","0","OK","true","true","true","true","true","WebPage|BreadcrumbList|WebSite","BreadcrumbList|DepositAccount|FinancialProduct|FinancialService|Organization|WebPage|WebSite","398","398","0.0","26","26",""
"/savings/christmas-saver/","200","200","","","0","OK","true","true","true","true","true","WebPage|BreadcrumbList|WebSite","BreadcrumbList|DepositAccount|FinancialProduct|FinancialService|Organization|WebPage|WebSite","420","420","0.0","26","26",""
"/savings/junior-saver/","301","301","/savings/young-saver/","/savings/young-saver/","1","OK","","","","","","","","","","","","",""
"/savings/junior-saver/apply/","301","301","/savings/young-saver/","/savings/young-saver/","1","OK","","","","","","","","","","","","",""
"/savings/life-savings-insurance-protection/","200","200","","","0","OK","true","true","true","true","true","WebPage|BreadcrumbList|WebSite","BreadcrumbList|DepositAccount|FinancialProduct|FinancialService|Organization|WebPage|WebSite","373","372","-0.3","26","26",""
"/savings/member-saver/","200","200","","","0","OK","true","true","true","true","true","WebPage|BreadcrumbList|WebSite","BreadcrumbList|DepositAccount|FinancialProduct|FinancialService|Organization|WebPage|WebSite","363","363","0.0","26","26",""
"/savings/premium-saver/","200","200","","","0","OK","true","true","true","true","true","WebPage|BreadcrumbList|WebSite","BreadcrumbList|DepositAccount|FinancialProduct|FinancialService|Organization|WebPage|WebSite","377","377","0.0","26","26",""
"/savings/prizesaver/","200","200","","","0","OK","true","true","true","true","true","WebPage|BreadcrumbList|WebSite","BreadcrumbList|DepositAccount|FinancialProduct|FinancialService|Organization|WebPage|WebSite","375","375","0.0","27","27",""
"/savings/young-saver/","200","200","","","0","OK","true","true","true","true","true","WebPage|BreadcrumbList|WebSite","BreadcrumbList|DepositAccount|FinancialProduct|FinancialService|Organization|WebPage|WebSite","452","452","0.0","26","26",""
"/savings/young-saver/apply/","404","404","","","0","OK","","","","","","","","","","","","","still 404 (expected)"
"/search/","404","404","","","0","OK","","","","","","","","","","","","","still 404 (expected)"
"/shocking-truth-about-short-term-credit","301","301","/shocking-truth-about-short-term-credit/","/shocking-truth-about-short-term-credit/","1","OK","","","","","","","","","","","","",""
"/shocking-truth-about-short-term-credit/","200","200","","","0","OK","true","true","true","true","true","Article|WebPage|ImageObject|BreadcrumbList|WebSite|Person","Article|BreadcrumbList|FinancialService|ImageObject|Organization|Person|WebPage|WebSite","675","675","0.0","27","27",""
"/simple-money-management-tips-feel-better-about-your-finances/","301","301","/simple-money-management-tips/","/simple-money-management-tips/","1","OK","","","","","","","","","","","","",""
"/simple-money-management-tips/","200","200","","","0","OK","true","true","true","true","true","Article|WebPage|ImageObject|BreadcrumbList|WebSite|Person","Article|BreadcrumbList|FinancialService|ImageObject|Organization|Person|WebPage|WebSite","986","986","0.0","33","33",""
"/simplify-your-personal-finance-options/","200","200","","","0","OK","true","true","true","true","true","Article|WebPage|ImageObject|BreadcrumbList|WebSite|Person","Article|BreadcrumbList|FinancialService|ImageObject|Organization|Person|WebPage|WebSite","773","773","0.0","27","27",""
"/sitemap_index.xml","200","200","","","0","OK","","","","","","","","","","","","",""
"/sitemap.xml","301","301","/sitemap_index.xml","/sitemap_index.xml","1","OK","","","","","","","","","","","","",""
"/summer-fun-on-a-budget/","200","200","","","0","OK","true","true","true","true","true","Article|WebPage|ImageObject|BreadcrumbList|WebSite|Person","Article|BreadcrumbList|FinancialService|ImageObject|Organization|Person|WebPage|WebSite","1240","1240","0.0","27","27",""
"/supporting-our-members-through-covid-19/","200","200","","","0","OK","true","true","true","true","true","Article|WebPage|ImageObject|BreadcrumbList|WebSite|Person","Article|BreadcrumbList|FinancialService|ImageObject|Organization|Person|WebPage|WebSite","1390","1390","0.0","26","26",""
"/tag/budget/","200","200","","","0","OK","true","true","true","true","true","CollectionPage|ImageObject|BreadcrumbList|WebSite","BreadcrumbList|CollectionPage|FinancialService|ImageObject|Organization|WebSite","117","117","0.0","28","28",""
"/tag/summer/","200","200","","","0","OK","true","true","true","true","true","CollectionPage|ImageObject|BreadcrumbList|WebSite","BreadcrumbList|CollectionPage|FinancialService|ImageObject|Organization|WebSite","117","117","0.0","28","28",""
"/test/","200","200","","","0","OK","true","true","true","true","true","WebPage|BreadcrumbList|WebSite","BreadcrumbList|FinancialService|Organization|WebPage|WebSite","1","1","0.0","26","26",""
"/thank-you-for-your-interest-agm-2024/","200","200","","","0","OK","true","true","true","true","true","WebPage|BreadcrumbList|WebSite","BreadcrumbList|FinancialService|Organization|WebPage|WebSite","153","153","0.0","35","35",""
"/thank-you-for-your-interest-agm-2025/","200","200","","","0","OK","true","true","true","true","true","WebPage|BreadcrumbList|WebSite","BreadcrumbList|FinancialService|Organization|WebPage|WebSite","153","153","0.0","35","35",""
"/thank-you-for-your-interest-agm-2026/","200","200","","","0","OK","true","true","true","true","true","WebPage|BreadcrumbList|WebSite","BreadcrumbList|FinancialService|Organization|WebPage|WebSite","149","149","0.0","34","34",""
"/the-gmbcu-member-hub-is-coming-in-june-2026/","200","200","","","0","OK","true","true","true","true","true","WebPage|BreadcrumbList|WebSite","BreadcrumbList|FinancialService|Organization|WebPage|WebSite","438","438","0.0","28","28",""
"/ultimate-guide-open-banking","301","301","/ultimate-guide-open-banking/","/ultimate-guide-open-banking/","1","OK","","","","","","","","","","","","",""
"/ultimate-guide-open-banking/","200","200","","","0","OK","true","true","true","true","true","Article|WebPage|ImageObject|BreadcrumbList|WebSite|Person","Article|BreadcrumbList|FinancialService|ImageObject|Organization|Person|WebPage|WebSite","1550","1550","0.0","29","28",""
"/useful-links","404","301","/useful-links/","","1","OK","","","","","","","","","","","","","now redirects → /useful-links/"
"/user/login/","404","404","","","0","OK","","","","","","","","","","","","","still 404 (expected)"
"/user/logout/","404","404","","","0","OK","","","","","","","","","","","","","still 404 (expected)"
"/user/password/","404","404","","","0","OK","","","","","","","","","","","","","still 404 (expected)"
"/virtuous-circle","301","301","/virtuous-circle/","/virtuous-circle/","1","OK","","","","","","","","","","","","",""
"/virtuous-circle/","200","200","","","0","OK","true","true","true","true","true","Article|WebPage|ImageObject|BreadcrumbList|WebSite|Person","Article|BreadcrumbList|FinancialService|ImageObject|Organization|Person|WebPage|WebSite","872","872","0.0","28","28",""
"/we-are-delivering-how-were-responding-our-members-needs","301","301","/we-are-delivering-how-were-responding-our-members-needs/","/we-are-delivering-how-were-responding-our-members-needs/","1","OK","","","","","","","","","","","","",""
"/we-are-delivering-how-were-responding-our-members-needs/","200","200","","","0","OK","true","true","true","true","true","Article|WebPage|ImageObject|BreadcrumbList|WebSite|Person","Article|BreadcrumbList|FinancialService|ImageObject|Organization|Person|WebPage|WebSite","672","672","0.0","27","27",""
"/we-asked-our-members-describe-us-3-words/","200","200","","","0","OK","true","true","true","true","true","Article|WebPage|ImageObject|BreadcrumbList|WebSite|Person","Article|BreadcrumbList|FinancialService|ImageObject|Organization|Person|WebPage|WebSite","68","68","0.0","26","26",""
"/what-a-change-of-government-means-for-your-wallet/","200","200","","","0","OK","true","true","true","true","true","Article|WebPage|ImageObject|BreadcrumbList|WebSite|Person","Article|BreadcrumbList|FinancialService|ImageObject|Organization|Person|WebPage|WebSite","995","995","0.0","26","26",""
"/what-credit-and-why-does-it-matter","301","301","/what-credit-and-why-does-it-matter/","/what-credit-and-why-does-it-matter/","1","OK","","","","","","","","","","","","",""
"/what-credit-and-why-does-it-matter/","200","200","","","0","OK","true","true","true","true","true","Article|WebPage|ImageObject|BreadcrumbList|WebSite|Person","Article|BreadcrumbList|FinancialService|ImageObject|Organization|Person|WebPage|WebSite","852","852","0.0","28","27",""
"/what-do-members-need-know-applying-loan","301","301","/what-do-members-need-know-applying-loan/","/what-do-members-need-know-applying-loan/","1","OK","","","","","","","","","","","","",""
"/what-do-members-need-know-applying-loan/","200","200","","","0","OK","true","true","true","true","true","Article|WebPage|ImageObject|BreadcrumbList|WebSite|Person","Article|BreadcrumbList|FinancialService|ImageObject|Organization|Person|WebPage|WebSite","895","895","0.0","29","29",""
"/what-do-our-members-most-about-us/","200","200","","","0","OK","true","true","true","true","true","Article|WebPage|ImageObject|BreadcrumbList|WebSite|Person","Article|BreadcrumbList|FinancialService|ImageObject|Organization|Person|WebPage|WebSite","71","71","0.0","26","26",""
"/what-is-a-credit-union-and-how-does-it-work/","200","200","","","0","OK","true","true","true","true","true","Article|WebPage|ImageObject|BreadcrumbList|WebSite|Person","Article|BreadcrumbList|FinancialService|ImageObject|Organization|Person|WebPage|WebSite","732","732","0.0","26","26",""
"/where-go-if-youre-feeling-stressed-about-money","301","301","/where-go-if-youre-feeling-stressed-about-money/","/where-go-if-youre-feeling-stressed-about-money/","1","OK","","","","","","","","","","","","",""
"/where-go-if-youre-feeling-stressed-about-money/","200","200","","","0","OK","true","true","true","true","true","Article|WebPage|ImageObject|BreadcrumbList|WebSite|Person","Article|BreadcrumbList|FinancialService|ImageObject|Organization|Person|WebPage|WebSite","1074","1074","0.0","27","27",""
"/which-loan-best-you/","200","200","","","0","OK","true","true","true","true","true","Article|WebPage|ImageObject|BreadcrumbList|WebSite|Person","Article|BreadcrumbList|FinancialService|ImageObject|Organization|Person|WebPage|WebSite","1513","1513","0.0","27","27",""
"/why-credit-unions-are-now-more-important-ever","301","301","/why-credit-unions-are-now-more-important-ever/","/why-credit-unions-are-now-more-important-ever/","1","OK","","","","","","","","","","","","",""
"/why-credit-unions-are-now-more-important-ever/","200","200","","","0","OK","true","true","true","true","true","Article|WebPage|ImageObject|BreadcrumbList|WebSite|Person","Article|BreadcrumbList|FinancialService|ImageObject|Organization|Person|WebPage|WebSite","900","900","0.0","26","26",""
"/why-is-saving-money-important/","200","200","","","0","OK","true","true","true","true","true","Article|WebPage|ImageObject|BreadcrumbList|WebSite|Person","Article|BreadcrumbList|FinancialService|ImageObject|Organization|Person|WebPage|WebSite","1134","1134","0.0","27","27",""
"/why-our-members-choose-us/","200","200","","","0","OK","true","true","true","true","true","Article|WebPage|ImageObject|BreadcrumbList|WebSite|Person","Article|BreadcrumbList|FinancialService|ImageObject|Organization|Person|WebPage|WebSite","61","61","0.0","26","26",""
"/working-towards-brighter-financial-future","301","301","/working-towards-brighter-financial-future/","/working-towards-brighter-financial-future/","1","OK","","","","","","","","","","","","",""
"/working-towards-brighter-financial-future/","200","200","","","0","OK","true","true","true","true","true","Article|WebPage|ImageObject|BreadcrumbList|WebSite|Person","Article|BreadcrumbList|FinancialService|ImageObject|Organization|Person|WebPage|WebSite","860","860","0.0","27","27",""
"/wp-sitemap.xml","301","301","/sitemap_index.xml","/sitemap_index.xml","1","OK","","","","","","","","","","","","",""
"/your-money-now-and-whats-next","301","301","/your-money-now-and-whats-next/","/your-money-now-and-whats-next/","1","OK","","","","","","","","","","","","",""
"/your-money-now-and-whats-next/","200","200","","","0","OK","true","true","true","true","true","Article|WebPage|ImageObject|BreadcrumbList|WebSite|Person","Article|BreadcrumbList|FinancialService|ImageObject|Organization|Person|WebPage|WebSite","883","883","0.0","36","36",""
"/your-phone-may-be-giving-fraudsters-a-way-into-your-finances/","200","200","","","0","OK","true","true","true","true","true","Article|WebPage|ImageObject|BreadcrumbList|WebSite|Person","Article|BreadcrumbList|FinancialService|ImageObject|Organization|Person|WebPage|WebSite","979","979","0.0","26","26",""