"slug","template","category","title","locked","noindex","file"
"/","home","home","GMB Credit Union | Your money, your future, Your Credit Union","true","false","content/home/home.mdx"
"/about-us/","about","about","About Us | GMB Credit Union","true","false","content/about/about-us.mdx"
"/loans/","product-category","hub","Credit Union Loans | GMB Credit Union","true","false","content/hub/loans.mdx"
"/savings/","product-category","hub","Savings | GMB Credit Union","true","false","content/hub/savings.mdx"
"/loans/consolidation-loan/","product","product-loan","Consolidation Loan | GMB Credit Union Loans","true","false","content/product-loan/consolidation-loan.mdx"
"/loans/family-loan/","product","product-loan","Family Loan | GMB Credit Union Loans","true","false","content/product-loan/family-loan.mdx"
"/loans/handy-loan/","product","product-loan","Handy Loan | GMB Credit Union Loans","true","false","content/product-loan/handy-loan.mdx"
"/loans/member-loan/","product","product-loan","Member Loan | GMB Credit Union Loans","true","false","content/product-loan/member-loan.mdx"
"/loans/save-borrow-loan/","product","product-loan","Save & Borrow Loan | GMB Credit Union Loans","true","false","content/product-loan/save-borrow-loan.mdx"
"/loans/savings-secured-loan/","product","product-loan","Savings Secured Loan | GMB Credit Union Loans","true","false","content/product-loan/savings-secured-loan.mdx"
"/loans/starter-loan/","product","product-loan","Starter Loan | GMB Credit Union Loans","true","false","content/product-loan/starter-loan.mdx"
"/loans/top-up-loan/","product","product-loan","Top Up Loan | GMB Credit Union Loans","true","false","content/product-loan/top-up-loan.mdx"
"/savings/365-saver/","product","product-savings","365 Saver | GMB Credit Union Savings","true","false","content/product-savings/365-saver.mdx"
"/savings/christmas-saver/","product","product-savings","Christmas Saver | GMB Credit Union Savings","true","false","content/product-savings/christmas-saver.mdx"
"/savings/life-savings-insurance-protection/","product","product-savings","Life Savings Insurance | GMB Credit Union Loans","true","false","content/product-savings/life-savings-insurance-protection.mdx"
"/savings/member-saver/","product","product-savings","Member Saver | GMB Credit Union Savings","true","false","content/product-savings/member-saver.mdx"
"/savings/premium-saver/","product","product-savings","Premium Saver | GMBCU","true","false","content/product-savings/premium-saver.mdx"
"/savings/young-saver/","product","product-savings","Young Saver | GMB Credit Union Savings","true","false","content/product-savings/young-saver.mdx"
"/savings/prizesaver/","prizesaver","product-savings","PrizeSaver | GMB Credit Union Savings","true","false","content/product-savings/prizesaver.mdx"
"/cost-of-living/","resources","utility","Cost Of Living Help | GMB Credit Union","false","false","content/utility/cost-of-living.mdx"
"/faqs/","resources","utility","FAQs | GMB Credit Union","true","false","content/utility/faqs.mdx"
"/gmb-credit-union-prize-draw/","resources","other","Prize Draw | GMB Credit Union","true","false","content/other/gmb-credit-union-prize-draw.mdx"
"/member-hub-faqs/","resources","utility","GMBCU Member Hub FAQs| GMB Credit Union","true","false","content/utility/member-hub-faqs.mdx"
"/resources/","resources","hub","Financial Resources | GMB Credit Union","false","false","content/hub/resources.mdx"
"/resources/member-helper/","resources","hub","Member Helper | GMB Credit Union","false","false","content/hub/member-helper.mdx"
"/resources/member-helper/benefit-calculator/","resources","utility","Budget Planner | GMB Credit Union","false","false","content/utility/benefit-calculator.mdx"
"/resources/member-helper/budget-planner/","resources","utility","Budget Planner | GMB Credit Union","false","false","content/utility/budget-planner.mdx"
"/resources/member-helper/debt-advice-locator/","resources","utility","Debt Advice Locator | GMB Credit Union","false","false","content/utility/debt-advice-locator.mdx"
"/our-blog/","blog-home","archive","Our Blog | GMB Credit Union","false","false","app/our-blog/page.tsx (+ /category/*, /tag/*, /our-blog/page/N/)"
"/10-ways-improve-your-credit-score/","post","blog-post","10 Ways To Improve Your Credit Score | GMB Credit Union","true","false","content/blog-post/10-ways-improve-your-credit-score.mdx"
"/2023-agm-summary/","post","blog-post","2023 AGM Summary | GMBCU","false","false","content/blog-post/2023-agm-summary.mdx"
"/2024-agm-summary/","post","blog-post","2024 AGM Summary | GMBCU","false","false","content/blog-post/2024-agm-summary.mdx"
"/2025-agm-summary/","post","blog-post","2025 AGM Summary | GMBCU","false","false","content/blog-post/2025-agm-summary.mdx"
"/2026-agm-summary/","post","blog-post","2026 AGM Summary | GMBCU","false","false","content/blog-post/2026-agm-summary.mdx"
"/7-ways-to-save-money-over-the-summer-holidays/","post","blog-post","7 ways to save money over the summer holidays | GMBCU","false","false","content/blog-post/7-ways-to-save-money-over-the-summer-holidays.mdx"
"/alternatives-short-term-credit/","post","blog-post","The Alternatives To Short-Term Credit | GMBCU","true","false","content/blog-post/alternatives-short-term-credit.mdx"
"/avoid-loan-sharks-and-stay-smart-with-your-money/","post","blog-post","Avoid loan sharks and stay smart with your money | GMBCU","true","false","content/blog-post/avoid-loan-sharks-and-stay-smart-with-your-money.mdx"
"/cash-flow-king/","post","blog-post","Cash Flow Is King | GMBCU","false","false","content/blog-post/cash-flow-king.mdx"
"/celebrating-25-years-of-gmbcu/","post","blog-post","Celebrating 25 Years Of GMBCU | GMB Credit Union","true","false","content/blog-post/celebrating-25-years-of-gmbcu.mdx"
"/celebrating-two-years-members-prize-draw/","post","blog-post","Celebrating Two Years Of The Members’ Prize Draw | GMBCU","false","false","content/blog-post/celebrating-two-years-members-prize-draw.mdx"
"/childrens-financial-education/","post","blog-post","Why You Need To Start Your Child's Financial Education Now","false","false","content/blog-post/childrens-financial-education.mdx"
"/consolidation-loans-plan-brighter-financial-future/","post","blog-post","Consolidation Loans: Plan For A Brighter Financial Future","true","false","content/blog-post/consolidation-loans-plan-brighter-financial-future.mdx"
"/creating-good-money-habits-save-as-you-borrow/","post","blog-post","Creating Good Money Habits - Save As You Borrow | GMBCU","true","false","content/blog-post/creating-good-money-habits-save-as-you-borrow.mdx"
"/credit-crisis-real-impact-short-term-credit/","post","blog-post","Credit Crisis: The Real Impact Of Short-Term Credit | GMBCU","true","false","content/blog-post/credit-crisis-real-impact-short-term-credit.mdx"
"/dealing-coronavirus/","post","blog-post","Dealing With Coronavirus | GMBCU","false","false","content/blog-post/dealing-coronavirus.mdx"
"/feel-positive-about-saving-and-borrowing/","post","blog-post","Feel Positive About Saving & Confident About Borrowing","true","false","content/blog-post/feel-positive-about-saving-and-borrowing.mdx"
"/five-financial-goals-next-financial-year/","post","blog-post","Five Financial Goals For The Next Financial Year | GMBCU","true","false","content/blog-post/five-financial-goals-next-financial-year.mdx"
"/help-your-children-form-good-money-habits/","post","blog-post","How (And Why) To Help Your Children Form Good Money Habits","false","false","content/blog-post/help-your-children-form-good-money-habits.mdx"
"/heres-why-you-should-teach-your-children-how-to-manage-their-money-this-summer/","post","blog-post","Confidence, responsibility and rewards | GMBCU","true","false","content/blog-post/heres-why-you-should-teach-your-children-how-to-manage-their-money-this-summer.mdx"
"/how-build-or-improve-your-credit-score/","post","blog-post","How To Build Or Improve Your Credit Score | GMBCU","true","false","content/blog-post/how-build-or-improve-your-credit-score.mdx"
"/how-check-your-credit-score-free/","post","blog-post","How To Check Your Credit Score For Free | GMBCU","false","false","content/blog-post/how-check-your-credit-score-free.mdx"
"/how-did-our-members-get-involved-us/","post","blog-post","How Did Our Members Get Involved With Us? | GMBCU","false","false","content/blog-post/how-did-our-members-get-involved-us.mdx"
"/how-financial-problems-affect-your-mental-health/","post","blog-post","How Financial Problems Affect Your Mental Health | GMBCU","true","false","content/blog-post/how-financial-problems-affect-your-mental-health.mdx"
"/how-recognise-and-avoid-most-common-finance-scams/","post","blog-post","How To Recognise And Avoid The Most Common Finance Scams","true","false","content/blog-post/how-recognise-and-avoid-most-common-finance-scams.mdx"
"/how-to-get-involved-in-the-gmb-credit-union/","post","blog-post","How To Get Involved In The GMB Credit Union | GMBCU","true","false","content/blog-post/how-to-get-involved-in-the-gmb-credit-union.mdx"
"/importance-understanding-ivas/","post","blog-post","The Importance Of Understanding IVAs | GMBCU","true","false","content/blog-post/importance-understanding-ivas.mdx"
"/lets-get-transparent-loan-interest-rates/","post","blog-post","Let’s Get Transparent On Loan Interest Rates | GMBCU","true","false","content/blog-post/lets-get-transparent-loan-interest-rates.mdx"
"/loan-application-rejected-what-now/","post","blog-post","Loan Application Rejected - What now? | GMBCU","true","false","content/blog-post/loan-application-rejected-what-now.mdx"
"/managing-your-money-with-your-credit-union/","post","blog-post","Managing Your Money With Your Credit Union | GMBCU","false","false","content/blog-post/managing-your-money-with-your-credit-union.mdx"
"/meet-dennis-member-case-study/","post","blog-post","Meet Dennis: A Member Case Study | GMBCU","true","false","content/blog-post/meet-dennis-member-case-study.mdx"
"/meet-gary-member-case-study/","post","blog-post","Meet Gary: A Member Case Study | GMBCU","false","false","content/blog-post/meet-gary-member-case-study.mdx"
"/members-saver-accounts/","post","blog-post","Now's The Time To Save With Member Saver Accounts | GMBCU","true","false","content/blog-post/members-saver-accounts.mdx"
"/navigating-financial-storm-how-we-can-help/","post","blog-post","Navigating The Financial Storm – How We Can Help | GMBCU","true","false","content/blog-post/navigating-financial-storm-how-we-can-help.mdx"
"/one-year-members-prize-draw/","post","blog-post","One Year Of The Member’s Prize Draw | GMB Credit Union","true","false","content/blog-post/one-year-members-prize-draw.mdx"
"/options-dealing-debt/","post","blog-post","Options For Dealing With Debt | GMB Credit Union","true","false","content/blog-post/options-dealing-debt.mdx"
"/our-enhanced-member-loans-explained/","post","blog-post","Our Enhanced Member Loans Explained | GMB Credit Union","true","false","content/blog-post/our-enhanced-member-loans-explained.mdx"
"/overdraft-fees-are-changing/","post","blog-post","Overdraft Fees Are Changing | GMB Credit Union","true","false","content/blog-post/overdraft-fees-are-changing.mdx"
"/retail-therapy-or-financial-trap-the-real-reason-we-overspend/","post","blog-post","Retail therapy or financial trap? The real reason we overspend.   | GMBCU","false","false","content/blog-post/retail-therapy-or-financial-trap-the-real-reason-we-overspend.mdx"
"/save-now-spend-later/","post","blog-post","Save Now, Spend Later | GMB Credit Union","true","false","content/blog-post/save-now-spend-later.mdx"
"/saving-money-for-life-events/","post","blog-post","Saving money for life events | GMBCU","true","false","content/blog-post/saving-money-for-life-events.mdx"
"/shocking-truth-about-short-term-credit/","post","blog-post","The Shocking Truth About Short Term Credit | GMBCU","true","false","content/blog-post/shocking-truth-about-short-term-credit.mdx"
"/simple-money-management-tips/","post","blog-post","Simple Money Management Tips For Better Finances | GMBCU","true","false","content/blog-post/simple-money-management-tips.mdx"
"/simplify-your-personal-finance-options/","post","blog-post","Simplify Your Personal Finance Options | GMB Credit Union","true","false","content/blog-post/simplify-your-personal-finance-options.mdx"
"/summer-fun-on-a-budget/","post","blog-post","Summer Fun On A Budget | GMBCU","true","false","content/blog-post/summer-fun-on-a-budget.mdx"
"/supporting-our-members-through-covid-19/","post","blog-post","Supporting Our Members Through COVID-19 | GMBCU","true","false","content/blog-post/supporting-our-members-through-covid-19.mdx"
"/ultimate-guide-open-banking/","post","blog-post","The Ultimate Guide To Open Banking | GMB Credit Union","true","false","content/blog-post/ultimate-guide-open-banking.mdx"
"/virtuous-circle/","post","blog-post","The Virtuous Circle | GMB Credit Union","true","false","content/blog-post/virtuous-circle.mdx"
"/we-are-delivering-how-were-responding-our-members-needs/","post","blog-post","How We’re Responding To Our Members’ Needs | GMBCU","false","false","content/blog-post/we-are-delivering-how-were-responding-our-members-needs.mdx"
"/we-asked-our-members-describe-us-3-words/","post","blog-post","We Asked Our Members To Describe Us In 3 Words... | GMBCU","false","false","content/blog-post/we-asked-our-members-describe-us-3-words.mdx"
"/what-a-change-of-government-means-for-your-wallet/","post","blog-post","What a change of government means for your wallet | GMBCU","false","false","content/blog-post/what-a-change-of-government-means-for-your-wallet.mdx"
"/what-credit-and-why-does-it-matter/","post","blog-post","What Is Credit And Why Does It Matter? | GMB Credit Union","true","false","content/blog-post/what-credit-and-why-does-it-matter.mdx"
"/what-do-members-need-know-applying-loan/","post","blog-post","What Do Members Need to Know Before Applying for a Loan?","true","false","content/blog-post/what-do-members-need-know-applying-loan.mdx"
"/what-do-our-members-most-about-us/","post","blog-post","What Do Our Members Like Most About Us? | GMB Credit Union","false","false","content/blog-post/what-do-our-members-most-about-us.mdx"
"/what-is-a-credit-union-and-how-does-it-work/","post","blog-post","What Is A Credit Union And How Does It Work? | GMBCU","true","false","content/blog-post/what-is-a-credit-union-and-how-does-it-work.mdx"
"/where-go-if-youre-feeling-stressed-about-money/","post","blog-post","Where To Go If You're Feeling Stressed About Money | GMBCU","false","false","content/blog-post/where-go-if-youre-feeling-stressed-about-money.mdx"
"/which-loan-best-you/","post","blog-post","Which Loan Is The Best For You? | GMB Credit Union","true","false","content/blog-post/which-loan-best-you.mdx"
"/why-credit-unions-are-now-more-important-ever/","post","blog-post","Why Credit Unions Are Now More Important Than Ever | GMBCU","true","false","content/blog-post/why-credit-unions-are-now-more-important-ever.mdx"
"/why-is-saving-money-important/","post","blog-post","Why Is Saving Money Important? | GMB Credit Union","true","false","content/blog-post/why-is-saving-money-important.mdx"
"/why-our-members-choose-us/","post","blog-post","Why Our Members Choose Us | GMB Credit Union","false","false","content/blog-post/why-our-members-choose-us.mdx"
"/working-towards-brighter-financial-future/","post","blog-post","Working Towards A Brighter Financial Future | GMBCU","true","false","content/blog-post/working-towards-brighter-financial-future.mdx"
"/your-money-now-and-whats-next/","post","blog-post","Your Money Now: And What’s Next? | GMB Credit Union","false","false","content/blog-post/your-money-now-and-whats-next.mdx"
"/your-phone-may-be-giving-fraudsters-a-way-into-your-finances/","post","blog-post","How To Check Your Credit Score For Free | GMBCU","false","false","content/blog-post/your-phone-may-be-giving-fraudsters-a-way-into-your-finances.mdx"
"/contact-us/","contact","contact","Contact Us | GMB Credit Union","true","false","content/contact/contact-us.mdx"
"/complaints/","legal","legal-regulatory","Complaints | GMB Credit Union","true","false","content/legal-regulatory/complaints.mdx"
"/privacy-policy/","legal","legal-regulatory","Privacy Policy | GMB Credit Union","true","false","content/legal-regulatory/privacy-policy.mdx"
"/annual-general-meeting-2024/","campaign","other","AGM 2024 | GMB Credit Union","false","false","content/other/annual-general-meeting-2024.mdx"
"/annual-general-meeting-2025/","campaign","other","AGM 2025 | GMB Credit Union","false","false","content/other/annual-general-meeting-2025.mdx"
"/annual-general-meeting-2026/","campaign","other","AGM 2026 | GMB Credit Union","false","false","content/other/annual-general-meeting-2026.mdx"
"/become-a-credit-union-advocate/","campaign","other","Become a Credit Union advocate | GMBCU","false","false","content/other/become-a-credit-union-advocate.mdx"
"/join-gmbcu-get-25-and-a-chance-to-win-big/","campaign","other","Join GMBCU, get £25, and a chance to win big | GMBCU","true","false","content/other/join-gmbcu-get-25-and-a-chance-to-win-big.mdx"
"/join-us-at-congress-2025/","campaign","other","Join us at Congress 2025 | GMBCU","false","false","content/other/join-us-at-congress-2025.mdx"
"/join-us-congress-2023/","campaign","other","Welcome to GMB Credit Union | GMBCU","false","false","content/other/join-us-congress-2023.mdx"
"/join-us-congress-2024/","campaign","other","Join us at Congress 2024 | GMBCU","false","false","content/other/join-us-congress-2024.mdx"
"/test/","campaign","other","test | GMBCU","false","true","content/other/test.mdx"
"/thank-you-for-your-interest-agm-2024/","campaign","other","Thank you for your interest - AGM 2024 | GMB Credit Union","false","true","content/other/thank-you-for-your-interest-agm-2024.mdx"
"/thank-you-for-your-interest-agm-2025/","campaign","other","Thank you for your interest - AGM 2025 | GMB Credit Union","false","true","content/other/thank-you-for-your-interest-agm-2025.mdx"
"/thank-you-for-your-interest-agm-2026/","campaign","other","Thank you for your interest - AGM 2026 | GMB Credit Union","false","true","content/other/thank-you-for-your-interest-agm-2026.mdx"
"/the-gmbcu-member-hub-is-coming-in-june-2026/","campaign","other","GMBCU Member Hub 2026 | GMB Credit Union","true","false","content/other/the-gmbcu-member-hub-is-coming-in-june-2026.mdx"
"/lp/member-loan/","landing","landing","Member Loan | GMB Credit Union Loans","true","true","content/landing/member-loan-offer.mdx"
