file,old_template,new_template,buttons,headings_shifted
about/about-us.mdx,about,about,0,0
blog-post/10-ways-improve-your-credit-score.mdx,post,post,0,12
blog-post/2023-agm-summary.mdx,post,post,0,4
blog-post/2024-agm-summary.mdx,post,post,0,4
blog-post/2025-agm-summary.mdx,post,post,0,4
blog-post/2026-agm-summary.mdx,post,post,0,4
blog-post/7-ways-to-save-money-over-the-summer-holidays.mdx,post,post,0,8
blog-post/alternatives-short-term-credit.mdx,post,post,0,4
blog-post/avoid-loan-sharks-and-stay-smart-with-your-money.mdx,post,post,0,4
blog-post/cash-flow-king.mdx,post,post,0,6
blog-post/celebrating-25-years-of-gmbcu.mdx,post,post,0,4
blog-post/celebrating-two-years-members-prize-draw.mdx,post,post,0,17
blog-post/childrens-financial-education.mdx,post,post,0,9
blog-post/consolidation-loans-plan-brighter-financial-future.mdx,post,post,0,9
blog-post/creating-good-money-habits-save-as-you-borrow.mdx,post,post,0,1
blog-post/credit-crisis-real-impact-short-term-credit.mdx,post,post,0,5
blog-post/dealing-coronavirus.mdx,post,post,0,0
blog-post/feel-positive-about-saving-and-borrowing.mdx,post,post,0,5
blog-post/five-financial-goals-next-financial-year.mdx,post,post,0,6
blog-post/help-your-children-form-good-money-habits.mdx,post,post,0,11
blog-post/heres-why-you-should-teach-your-children-how-to-manage-their-money-this-summer.mdx,post,post,0,0
blog-post/how-build-or-improve-your-credit-score.mdx,post,post,0,3
blog-post/how-check-your-credit-score-free.mdx,post,post,0,3
blog-post/how-did-our-members-get-involved-us.mdx,post,post,0,2
blog-post/how-financial-problems-affect-your-mental-health.mdx,post,post,0,8
blog-post/how-recognise-and-avoid-most-common-finance-scams.mdx,post,post,0,14
blog-post/how-to-get-involved-in-the-gmb-credit-union.mdx,post,post,0,5
blog-post/importance-understanding-ivas.mdx,post,post,0,12
blog-post/lets-get-transparent-loan-interest-rates.mdx,post,post,0,8
blog-post/loan-application-rejected-what-now.mdx,post,post,0,6
blog-post/managing-your-money-with-your-credit-union.mdx,post,post,0,6
blog-post/meet-dennis-member-case-study.mdx,post,post,0,6
blog-post/meet-gary-member-case-study.mdx,post,post,0,3
blog-post/members-saver-accounts.mdx,post,post,0,3
blog-post/navigating-financial-storm-how-we-can-help.mdx,post,post,0,6
blog-post/one-year-members-prize-draw.mdx,post,post,0,15
blog-post/options-dealing-debt.mdx,post,post,0,15
blog-post/our-enhanced-member-loans-explained.mdx,post,post,0,10
blog-post/overdraft-fees-are-changing.mdx,post,post,0,5
blog-post/retail-therapy-or-financial-trap-the-real-reason-we-overspend.mdx,post,post,0,0
blog-post/save-now-spend-later.mdx,post,post,0,4
blog-post/saving-money-for-life-events.mdx,post,post,0,5
blog-post/shocking-truth-about-short-term-credit.mdx,post,post,0,5
blog-post/simple-money-management-tips.mdx,post,post,0,8
blog-post/simplify-your-personal-finance-options.mdx,post,post,0,7
blog-post/summer-fun-on-a-budget.mdx,post,post,0,0
blog-post/supporting-our-members-through-covid-19.mdx,post,post,0,23
blog-post/ultimate-guide-open-banking.mdx,post,post,0,19
blog-post/virtuous-circle.mdx,post,post,0,7
blog-post/we-are-delivering-how-were-responding-our-members-needs.mdx,post,post,0,5
blog-post/we-asked-our-members-describe-us-3-words.mdx,post,post,0,2
blog-post/what-a-change-of-government-means-for-your-wallet.mdx,post,post,0,7
blog-post/what-credit-and-why-does-it-matter.mdx,post,post,0,3
blog-post/what-do-members-need-know-applying-loan.mdx,post,post,0,7
blog-post/what-do-our-members-most-about-us.mdx,post,post,0,2
blog-post/what-is-a-credit-union-and-how-does-it-work.mdx,post,post,0,7
blog-post/where-go-if-youre-feeling-stressed-about-money.mdx,post,post,0,6
blog-post/which-loan-best-you.mdx,post,post,0,8
blog-post/why-credit-unions-are-now-more-important-ever.mdx,post,post,0,6
blog-post/why-is-saving-money-important.mdx,post,post,0,7
blog-post/why-our-members-choose-us.mdx,post,post,0,2
blog-post/working-towards-brighter-financial-future.mdx,post,post,0,7
blog-post/your-money-now-and-whats-next.mdx,post,post,0,10
blog-post/your-phone-may-be-giving-fraudsters-a-way-into-your-finances.mdx,post,post,0,5
contact/contact-us.mdx,contact,contact,0,0
home/home.mdx,home,home,0,0
hub/loans.mdx,product-category,product-category,0,0
hub/member-helper.mdx,resources,resources,0,0
hub/resources.mdx,resources,resources,0,0
hub/savings.mdx,product-category,product-category,0,0
landing/member-loan-offer.mdx,landing,landing,0,0
legal-regulatory/complaints.mdx,legal,legal,0,0
legal-regulatory/privacy-policy.mdx,legal,legal,0,0
other/annual-general-meeting-2024.mdx,campaign,campaign,0,0
other/annual-general-meeting-2025.mdx,campaign,campaign,0,0
other/annual-general-meeting-2026.mdx,campaign,campaign,0,0
other/become-a-credit-union-advocate.mdx,campaign,campaign,0,0
other/gmb-credit-union-prize-draw.mdx,resources,resources,0,0
other/join-gmbcu-get-25-and-a-chance-to-win-big.mdx,campaign,campaign,0,0
other/join-us-at-congress-2025.mdx,campaign,campaign,0,0
other/join-us-congress-2023.mdx,campaign,campaign,0,0
other/join-us-congress-2024.mdx,campaign,campaign,0,0
other/test.mdx,campaign,campaign,0,0
other/thank-you-for-your-interest-agm-2024.mdx,campaign,campaign,0,0
other/thank-you-for-your-interest-agm-2025.mdx,campaign,campaign,0,0
other/thank-you-for-your-interest-agm-2026.mdx,campaign,campaign,0,0
other/the-gmbcu-member-hub-is-coming-in-june-2026.mdx,campaign,campaign,0,0
product-loan/consolidation-loan.mdx,product,product,0,0
product-loan/family-loan.mdx,product,product,0,0
product-loan/handy-loan.mdx,product,product,0,0
product-loan/member-loan.mdx,product,product,0,0
product-loan/save-borrow-loan.mdx,product,product,0,0
product-loan/savings-secured-loan.mdx,product,product,0,0
product-loan/starter-loan.mdx,product,product,0,0
product-loan/top-up-loan.mdx,product,product,0,0
product-savings/365-saver.mdx,product,product,0,0
product-savings/christmas-saver.mdx,product,product,0,0
product-savings/life-savings-insurance-protection.mdx,product,product,0,0
product-savings/member-saver.mdx,product,product,0,0
product-savings/premium-saver.mdx,product,product,0,0
product-savings/prizesaver.mdx,prizesaver,prizesaver,0,0
product-savings/young-saver.mdx,product,product,0,0
utility/benefit-calculator.mdx,resources,resources,0,0
utility/budget-planner.mdx,resources,resources,0,0
utility/cost-of-living.mdx,resources,resources,0,0
utility/debt-advice-locator.mdx,resources,resources,0,0
utility/faqs.mdx,resources,resources,0,0
utility/member-hub-faqs.mdx,resources,resources,0,0
